brand,platform,post_date,post_type,content_theme,collaboration,content_pillar,sku,content_mix_funnel,post_url,likes,comments,shares,saves,views,caption_text,post_time,video_length_seconds,hashtags,impressions,engagement_rate_manual,caption_tone,cta_type,has_creator_collab,creator_handle,has_music_audio,emoji_count_in_caption,caption_word_count,mentions_count,is_paid_partnership,total_engagement
Jose Cuervo,Instagram,2025-02-28,Carousel,,Cuervo,The Front Row,,Entertain,https://www.instagram.com/p/DGoeoInPiMn,163.0,11,23.0,3,0.0,counting down the days until margarita season is in full swing. who’s ready?,17:00,0.0,,11734.0,1.7,Casual / Conversational,,No,,No,0.0,13,0.0,No,200
Jose Cuervo,Instagram,2025-03-06,Carousel,,Cuervo,The Craft,,Edutain,https://www.instagram.com/p/DG4BNWdvzr2,325.0,14,64.0,15,0.0,the original influencers,17:51,0.0,,156834.0,0.27,Casual / Conversational,,No,,No,0.0,3,0.0,No,418
Jose Cuervo,Instagram,2025-03-07,Carousel,,Cuervo,The Craft,,Edutain,https://www.instagram.com/p/DG55IPxuOMn,182.0,5,32.0,2,0.0,we’ve spent our careers walking red agave fields,11:18,0.0,,9185.0,2.41,Casual / Conversational,,No,,No,0.0,8,0.0,No,221
Jose Cuervo,Instagram,2025-03-08,Reel,,Cuervo,The Craft,,Educate,https://www.instagram.com/reel/DG8VeSGpnwq,123.0,8,34.0,7,5600.0,we built the town of Tequila,10:05,0.0,,5600.0,3.07,Casual / Conversational,,No,,Yes,0.0,6,0.0,No,172
Jose Cuervo,Instagram,2025-03-11,Carousel,,Cuervo,The Front Row,,Entertain,https://www.instagram.com/p/DHEu2amSI9y,141.0,14,33.0,6,0.0,festival lineups are dropping. tag your crew!,17:20,0.0,,11398.0,1.7,Casual / Conversational,Tag a friend,No,,No,0.0,7,0.0,No,194
Jose Cuervo,Instagram,2025-03-15,Carousel,,Cuervo,The Pulse,,Edutain,https://www.instagram.com/p/DHOK9VzOgVB,126.0,7,11.0,6,0.0,"happy national espresso martini day! celebrate with a Cuervo spin. check out our stories for recipe cards featuring our espresso martini, carajillo, and noche electronico!",09:19,0.0,,14147.0,1.06,Playful / Fun,,No,,No,0.0,25,0.0,No,150
Jose Cuervo,Instagram,2025-03-28,Carousel,,Cuervo,The Front Row,,Entertain,https://www.instagram.com/p/DHwXZNTvDOo,155.0,7,4.0,6,0.0,something about those cuervo nights…,16:02,0.0,,8481.0,2.03,Casual / Conversational,,No,,No,0.0,5,0.0,No,172
Jose Cuervo,Instagram,2025-04-24,Carousel,,Cuervo,The Front Row,,Entertain,https://www.instagram.com/p/DI12pyyvms2,122.0,8,0.0,1,0.0,"Sun’s out, tequila’s poured, and the vibes are flowing. 🌞

From iconic sips to unforgettable hangs, Cuervo knows how to show up!

#cuervo #tequilathatinventedtequila #cuervomoments #goodtimes",15:43,0.0,#cuervo #tequilathatinventedtequila #cuervomoments #goodtimes,7832.0,1.67,Educational / Informative,,No,,No,1.0,26,0.0,No,131
Jose Cuervo,Instagram,2025-04-26,Carousel,,Cuervo,The Craft,,Edutain,https://www.instagram.com/p/DI7JGykP0p2,148.0,12,11.0,10,0.0,"On the Rocks 🧊 or Frozen ❄️? Spicy 🌶️ or Classic 🍸?

There’s no wrong answer—just make sure it’s made with Cuervo.

Let the margarita showdown begin 🥃👇

#Cuervo #MargaritaMoment #ThisOrThat #CuervoTradicional",17:00,0.0,#Cuervo #MargaritaMoment #ThisOrThat #CuervoTradicional,7890.0,2.29,Casual / Conversational,,No,,No,8.0,32,0.0,No,181
Jose Cuervo,Instagram,2025-04-28,Carousel,,Cuervo,The Front Row,,Entertain,https://www.instagram.com/p/DJAY7kDvgId,139.0,4,3.0,5,0.0,"💃 Fan in one hand, Cuervo margarita in the other.

Tag your festival crew below 👇

#Cuervo #CuervoTradicional #FestivalSeason #Margaritas #TheCupThatTequilaMade",17:55,0.0,#Cuervo #CuervoTradicional #FestivalSeason #Margaritas #TheCupThatTequilaMade,12275.0,1.23,Casual / Conversational,Tag a friend,No,,No,2.0,21,0.0,No,151
Jose Cuervo,Instagram,2025-04-30,Carousel,,Collective,The Pulse,,Entertain,https://www.instagram.com/p/DJFdml6PgRo,697.0,47,30.0,10,0.0,"Introducing the Cuervo Collective! 🌞🎶🥃 They’re a crew of bold artists turning up the energy for every Cuervo moment.

🔥 @dinabn 
🎧 @kinginesse 
🎵 @sebmarmolejo 
💥 @niceguyerwin 

Wherever there’s good music and good people, Cuervo’s in the mix.

#cuervo #cuervocollective #festivalseason #cuervomoments #tequila #tequilathatinventedtequila",17:12,0.0,#cuervo #cuervocollective #festivalseason #cuervomoments #tequila #tequilathatinventedtequila,29798.0,2.63,Bold / Edgy,,Yes,@dinabn,No,7.0,44,4.0,No,784
Jose Cuervo,Instagram,2025-05-02,Carousel,,Cuervo,The Craft,,Entertain,https://www.instagram.com/p/DJKjiDOpCN-,248.0,12,25.0,14,0.0,"Margaritas taste better when there’s more than one!
Made with Cuervo Tradicional, because sharing a round of 100% agave tequila is how legends do it 🥃🧊

#Cuervo #TradicionalTequila #MargaritaTime #TheCupThatTequilaMade #CuervoMoments",16:40,0.0,#Cuervo #TradicionalTequila #MargaritaTime #TheCupThatTequilaMade #CuervoMoments,9852.0,3.03,Casual / Conversational,,No,,No,2.0,31,0.0,No,299
Jose Cuervo,Instagram,2025-05-05,Reel,,Cuervo,The Craft,,Educate,https://www.instagram.com/reel/DJR_6-LsF8a,214.0,7,36.0,14,11093.0,"From the first pour to the final toast, Cuervo has always been there shaping celebrations and defining the spirit of tequila. 🥃

Generations of bold moments. One legendary tequila.

#cuervo #cuervomoments #tequila #tequilathatinventedtequila",14:03,0.0,#cuervo #cuervomoments #tequila #tequilathatinventedtequila,11093.0,2.44,Nostalgic / Heritage,,No,,Yes,1.0,33,0.0,No,271
Jose Cuervo,Instagram,2025-05-08,Carousel,,Cuervo,The Ritual,,Entertain,https://www.instagram.com/p/DJaRAdKsa2I,162.0,17,5.0,4,0.0,"Margarita season is calling… and Cuervo always answers 🥃 📞

Blanco, Reposado, Cristalino—we don’t pick favorites, but which one is yours? ⬇️

#Cuervo #MargaritaSeason  #TheCupThatTequilaMade",19:06,0.0,#Cuervo #MargaritaSeason #TheCupThatTequilaMade,20251.0,0.93,Casual / Conversational,,No,,No,4.0,25,0.0,No,188
Jose Cuervo,Instagram,2025-05-10,Reel,,Partner,The Front Row,,Entertain,https://www.instagram.com/reel/DJeiQuAIxHW,650.0,56,189.0,42,21665.0,"All aboard the Cuervo Express 🚂🍹

Every cart had a vibe, our Cuervo Collective killed their B2B sets, and every marg hit just right! Next stop: The Akamba Festival (content coming soon 👀)

@lilsabotage @josecuervoexpress @akambamx @sebmarmolejo @niceguyerwin @dinabn @kinginesse

#cuervoexpress #cuervocollective #thetequilathatinventedtequila #cuervomoments",10:55,0.0,#cuervoexpress #cuervocollective #thetequilathatinventedtequila #cuervomoments,21665.0,4.32,Casual / Conversational,,Yes,@lilsabotage,Yes,3.0,44,7.0,No,937
Jose Cuervo,Instagram,2025-05-17,Reel,,Cuervo,The Front Row,,Entertain,https://www.instagram.com/reel/DJxnW3GJDFh,69.0,11,7.0,3,5427.0,"What’s in my @sandinmybootsfest bag? 🥃🤠

Cuervo margs? ✅
Ice (yes, really) ✅
My bestie? Always! ✅

What’s in your festival bag? Tell us in the comments below ⬇️

#cuervo #cuervomargseason #sandinmyboots #festivals #essentials #margaritas",21:07,0.0,#cuervo #cuervomargseason #sandinmyboots #festivals #essentials #margaritas,5427.0,1.66,Casual / Conversational,Comment below,No,,Yes,7.0,35,1.0,No,90
Jose Cuervo,Instagram,2025-05-19,Reel,,Cuervo,The Front Row,,Entertain,https://www.instagram.com/reel/DJ1hNCKCktP,134.0,11,45.0,6,7598.0,"What about you?! 😎 Which Cuervo cocktail would you be?

Festivalgoers @sandinmybootsfest had opinions,  and spoiler alert: spicy margs are having their main character moment! 🍹🤠

Comment your tequila alter ego below! ⬇️ Are you the life of the party or are your vibes more chill?

#cuervo #tequila #spicymargarita #tequilacocktails #festivalvibes #drinkpersonality",09:08,0.0,#cuervo #tequila #spicymargarita #tequilacocktails #festivalvibes #drinkpersonality,7598.0,2.58,Playful / Fun,,No,,Yes,5.0,52,1.0,No,196
Jose Cuervo,Instagram,2025-05-21,Static Image,,Partner,The Craft,,Convince,https://www.instagram.com/p/DJ7BWPQRh60/,267.0,19,13.0,9,12037.0,The tequila used in the first margarita 🤝 the beach lovers who drink them. We’re partnering up with @josecuervotequila for MARGARITA SEASON! 🍋‍🟩 bookable package with a tequila tasting excursion to Fábrica La Rojeña 🍋‍🟩 deals on trips to Puerto Vallarta 🍋‍🟩 Margarita Master Classes on IG Live 🍋‍🟩 new margarita recipes to try,,,,,,,,,,,,54,,,308
Jose Cuervo,Instagram,2025-05-22,Reel,,Partner,The Front Row,,Entertain,https://www.instagram.com/reel/DJ9_T04Mliy,312.0,15,119.0,25,14063.0,"Golden hour to midnight magic! Akamba, you were unforgettable 🌞🌙🍹

Press play for the sights, sounds, and sips that made it iconic!

⬇️ Comment below if you’ve ever been to Akamaba or want to go next year?! 👀😏

#cuervo #akamba2025 #cuervomoments #cuervomargseason #thetequilathatinventedtequila #festivals @lilsabotage",16:04,0.0,#cuervo #akamba2025 #cuervomoments #cuervomargseason #thetequilathatinventedtequila #festivals,14063.0,3.35,Aspirational / Lifestyle,Comment below,No,,Yes,7.0,45,1.0,No,471
Jose Cuervo,Instagram,2025-05-24,Reel,,Cuervo,The Craft,,Educate,https://www.instagram.com/reel/DKDeA-eI9bx,233.0,15,35.0,21,41926.0,"We don’t just make tequila... we reimagine what agave can do! 🌱🍹
From 100% biodegradable straws to surfboards, the Cuervo Agave Project is turning tequila’s roots into a more sustainable future.

Because honoring tradition means evolving it! Did you know these sustainability facts about Cuervo? 👀 ⬇️

#cuervo #cuervoagaveproject #sustainability #thetequilathatinventedtequila #cuervomoments",19:09,0.0,#cuervo #cuervoagaveproject #sustainability #thetequilathatinventedtequila #cuervomoments,41926.0,0.73,Educational / Informative,,No,,Yes,5.0,52,0.0,No,304
Jose Cuervo,Instagram,2025-05-26,Static Image,,Cuervo,The Ritual,,Entertain,https://www.instagram.com/p/DKIUpubPuq2,138.0,13,9.0,5,0.0,"Frozen. Mango. Magic. 🍹🥭
Blended with Cuervo and best enjoyed under the sun.

What is your favorite margarita flavor? ⬇️

#cuervo #mangomargarita #frozenmargseason #cuervomoments #thetequilathatinventedtequila #cuervomargseason",16:23,0.0,#cuervo #mangomargarita #frozenmargseason #cuervomoments #thetequilathatinventedtequila #cuervomargseason,17162.0,0.96,Casual / Conversational,,No,,No,4.0,26,0.0,No,165
Jose Cuervo,Instagram,2025-05-28,Reel,,Cuervo,The Front Row,,Entertain,https://www.instagram.com/reel/DKNgAsioAl2,87.0,14,3.0,2,3765.0,"Meet the DJs bringing the heat to every Cuervo set. 🔥🎶

From Akamba to wherever the beat drops next … 👀

Whose set do you want to see a sneak peek of? ⬇️

#cuervo #cuervocollective #festivalseason #djsquad #cuervomoments #thetequilathatinventedtequila #cuervomargseason @dinabn @niceguyerwin @sebmarmolejo @kinginesse @lilsabotage",16:39,0.0,#cuervo #cuervocollective #festivalseason #djsquad #cuervomoments #thetequilathatinventedtequila #cuervomargseason,3765.0,2.82,Casual / Conversational,,Yes,@dinabn,Yes,5.0,45,5.0,No,106
Jose Cuervo,Instagram,2025-05-30,Reel,,Influencer,The Ritual,,Entertain,https://www.instagram.com/p/DKSZCu6ScR5/,841.0,93,484.0,351,21243.0,POV: You’re the life of the party🍹🍋‍🟩 @josecuervotequila #cuervopartner #cuervomargseason,,,,,,,,,,,,10,,,1769
Jose Cuervo,Instagram,2025-05-30,Reel,,Cuervo,The Front Row,,Entertain,https://www.instagram.com/reel/DKTW6NchW1s,120.0,7,24.0,8,5434.0,"Margarita season is in full swing… where should we pop up next? 👀 

Cuervo brought the flavor to @sandinmybootsfest 🤠 one frozen marg at a time! 

#cuervo #sandinmyboots #cuervomoments #cuervomargseason #festivals @lilsabotage",23:15,0.0,#cuervo #sandinmyboots #cuervomoments #cuervomargseason #festivals,5434.0,2.93,Casual / Conversational,,Yes,@sandinmybootsfest,Yes,2.0,32,2.0,No,159
Jose Cuervo,Instagram,2025-06-01,Static Image,,Cuervo,The Front Row,,Entertain,https://www.instagram.com/p/DKWKxw4O1bn,54.0,4,0.0,1,0.0,"With Cuervo in the mix, the only plan is a good time!

🥂 Cheers to more moments like this. 

Tag your festival squad below ⬇️

#cuervo #cuervomoments #margaritaseason #cuervomargseason #thetequilathatinventedtequila",01:26,0.0,#cuervo #cuervomoments #margaritaseason #cuervomargseason #thetequilathatinventedtequila,12952.0,0.46,Playful / Fun,Tag a friend,No,,No,3.0,30,0.0,No,59
Jose Cuervo,Instagram,2025-06-03,Reel,,Influencer,The Pulse,,Entertain,https://www.instagram.com/p/DKcp-WGpGc5/,1067.0,1100,4800.0,2700,17964380.0,"#Cuervo_Partner Not to be dramatic, but it’s worth leaving the villa for this Cuervo margarita. Must be 21 or older to enjoy Cuervo.🔥💖 The new season of #loveislandusa premieres tonight at 9pm ET / 6pm PT, only on Peacock.",,,,,,,,,,,,39,,,9667
Jose Cuervo,Instagram,2025-06-05,Reel,,Cuervo,The Front Row,,Entertain,https://www.instagram.com/reel/DKiEKNfyzA3,85.0,3,14.0,12,13255.0,"The party was 🔥 but the real question is… who’s your Cuervo +1 for next year? 👀Tag your +1 in the comments below 👇 

@heyitsjahnice @kyra212green @kienanturner @oficially_ava @kevinfigman @amarys.f @charlieee00 @hannah.montoya @annikachristy @kiocyr

#cuervo #cuervomoments #festivals #akamba2025 #festivalplusone #thetequilathatinventedtequila #cuervomargseason",16:19,0.0,#cuervo #cuervomoments #festivals #akamba2025 #festivalplusone #thetequilathatinventedtequila #cuervomargseason,13255.0,0.86,Playful / Fun,Tag a friend,Yes,@heyitsjahnice,Yes,3.0,41,10.0,No,114
Jose Cuervo,Instagram,2025-06-07,Carousel,,Cuervo,The Front Row,,Entertain,https://www.instagram.com/p/DKnh45ZMnkz,97.0,0,4.0,4,0.0,"Sun, sound, and sips! Cuervo was made for the festival life. 🎶☀️🍹

What festival have you been to recently? ⬇️ Catch us at the next one? 👀

#cuervo #cuervomoments #festivalseason #margaritaseason #thetequilathatinventedtequila #cuervomargseason",19:15,0.0,#cuervo #cuervomoments #festivalseason #margaritaseason #thetequilathatinventedtequila #cuervomargseason,12540.0,0.84,Casual / Conversational,,No,,No,7.0,33,0.0,No,105
Jose Cuervo,Instagram,2025-06-09,Reel,,Cuervo,The Front Row,,Entertain,https://www.instagram.com/reel/DKsZ9xsMkev,142.0,8,44.0,9,8695.0,"“This has been a million times better than anything I’ve ever been to!“ 🤪

We asked, they answered! @sandinmybootsfest was a vibe, and Cuervo was right in the middle of it 🍹🎶🤠

Tell us your first festival experience! 👀👇

#cuervo #cuervomoments #sandinmyboots #margaritas #cuervomargseason #festivalenergy #thetequilathatinventedtequila @lilsabotage",16:43,0.0,#cuervo #cuervomoments #sandinmyboots #margaritas #cuervomargseason #festivalenergy #thetequilathatinventedtequila,8695.0,2.33,Casual / Conversational,Comment below,Yes,@sandinmybootsfest,Yes,6.0,47,2.0,No,203
Jose Cuervo,Instagram,2025-06-11,Carousel,,Cuervo,The Front Row,,Entertain,https://www.instagram.com/p/DKxTT0dpyWL,82.0,1,2.0,2,0.0,"Margs with your bestie >>> 🍹👯‍♀️

Tag the bestie below that never says no to a marg moment 💛

#cuervo #cuervomoments #margaritaseason #bestiemargs #thetequilathatinventedtequila #cuervomargseason",14:20,0.0,#cuervo #cuervomoments #margaritaseason #bestiemargs #thetequilathatinventedtequila #cuervomargseason,15317.0,0.57,Casual / Conversational,,No,,No,5.0,25,0.0,No,87
Jose Cuervo,Instagram,2025-06-17,Reel,,Influencer,The Front Row,,Entertain,https://www.instagram.com/reel/DLBVf9zJWko,218.0,0,10.0,7,19972.0,"Pulled up for the athletes… stayed for the margs 🍹🔥

Tracy Cortez, Caio Borralho, fan meet-and-greets, and a whole lot of Cuervo energy. UFC 314 Miami brought the heat, and we brought the vibes!

#cuervo #ufc314 #cuervomoments #ufc #thetequilathatinventedtequila #cuervoxufc
@ufc @lilsabotage @cortezmma @caioborralho",19:47,0.0,#cuervo #ufc314 #cuervomoments #ufc #thetequilathatinventedtequila #cuervoxufc,19972.0,1.18,Casual / Conversational,,Yes,@ufc,Yes,2.0,44,4.0,No,235
Jose Cuervo,Instagram,2025-06-19,Carousel,,Cuervo,The Craft,,Educate,https://www.instagram.com/p/DLGH2qpg9G7,242.0,5,24.0,14,0.0,"We know you’ve noticed… 👀

Same legendary tequila, bold new look. Our Cuervo traditional labels got a glow-up! Just in time for margarita season🍹✨

#cuervo #thetequilathatinventedtequila #cuervomoments #margaritaseason #cuervomargseason",16:24,0.0,#cuervo #thetequilathatinventedtequila #cuervomoments #margaritaseason #cuervomargseason,20230.0,1.41,Nostalgic / Heritage,,No,,No,3.0,29,0.0,No,285
Jose Cuervo,Instagram,2025-06-19,Static Image,,Partner,The Ritual,,Convince,https://www.instagram.com/p/DLFe3ZrsMq4/,69.0,4,3.0,3,22327.0,"Happy hour is even happier with @josecuervotequila 🤩 During Margarita Season, we’re bringing you some sweet (and a little spicy!) deals every Thursday. You can score a limited-time offer on the vacation package of your dreams at the link in our bio. Get ready to shake things up this summer with a Cuervo Marg in hand! 🍋‍🟩🌶️",,,,,,,,,,,,57,,,79
Jose Cuervo,Instagram,2025-06-20,Reel,,Collective,The Craft,,Edutain,https://www.instagram.com/reel/DLIzmwCJgof,220.0,37,30.0,12,8318.0,"First day of summer calls for a Sebalino 🍹☀️

Kicking off the season with Seb’s favorite margarita recipe. Happy summer!! 

🥃SEBALINO:
2oz Cuervo Reposado
1oz Simple Syrup
1oz Triple Sec 
��1oz Lime Juice
1oz Passion Fruit Syrup
(Top) soda",17:28,0.0,,8318.0,3.59,Casual / Conversational,,No,,Yes,6.0,39,0.0,No,299
Jose Cuervo,Instagram,2025-06-23,Carousel,,Partner,The Front Row,,Entertain,https://www.instagram.com/p/DLQa0QjtRA4,124.0,8,4.0,4,0.0,"DID YOU HEAR!? 🏁🍹We’re heading to the NASCAR Chicago Street Race July 5–6, where high-speed action meets ice-cold Cuervo!

From the track to the tent, it’s all gas, no brakes. 👀

#cuervo #cuervomargseason #nascarchicagostreetrace #margaritas #thetequilathatinventedtequila",16:22,0.0,#cuervo #cuervomargseason #nascarchicagostreetrace #margaritas #thetequilathatinventedtequila,30467.0,0.46,Casual / Conversational,,No,,No,3.0,36,0.0,No,140
Jose Cuervo,Instagram,2025-06-26,Static Image,,Cuervo,The Ritual,,Entertain,https://www.instagram.com/p/DLYODYeSPCM,133.0,31,11.0,1,0.0,"Behind every spicy take on @BravoWWHL, there’s a smooth Cuervo marg to match! 🍹

Catch @jthetequilaguy serving up bold cocktails at the Cuervo Bar! Because no one stirs the pot (or the shaker) like he does 😏

#keepitcuervo #wwhl #cuervomargseason #wwhlbehindthebar",17:04,0.0,#keepitcuervo #wwhl #cuervomargseason #wwhlbehindthebar,20824.0,0.85,Bold / Edgy,,Yes,@BravoWWHL,No,2.0,41,2.0,No,176
Jose Cuervo,Instagram,2025-06-26,Reel,,Collective,The Craft,,Edutain,https://www.instagram.com/reel/DLYAXxlpjnm,127.0,10,9.0,8,6820.0,"You NEED to try this marg season recipe! It’s the perfect sweet and spicy @josecuervotequila margarita 🌶️🍍

Recipe below! ⬇️

Ingredients: 
2oz Cuervo Trad Blanco 
.25oz Fresh Lime Juice
.75oz  Fresh Pineapple Juice
.25oz Jalapeno Infused Agave 
1.5oz Grapefruit Lime Tepache 

Instructions: 
1. In a Shaker Tin, combine Cuervo, Fresh Lime Juice, Fresh Pineapple Juice, and Jalapeno Infused Agave. Add ice and shake vigorously for 15 seconds
2. Strain into a rocks glass over fresh ice. Top with 2oz of Grapefruit Lime Tepache. Quick stir to incorporate. 
3. Garnish with a Dehydrated Pineapple Wheel and a Tamarindo Candy Straw.",15:05,0.0,,6820.0,2.26,Bold / Edgy,Try this recipe,No,,Yes,5.0,99,1.0,No,154
Jose Cuervo,Instagram,2025-06-26,Carousel,,Cuervo,The Pulse,,Entertain,https://www.instagram.com/p/DLYZ65ZOJaV,486.0,36,174.0,26,0.0,"""Her name is blanquita… and soon she’ll have a salted rim."" 

#keepitcuervo #cuervomargseason",18:48,0.0,#keepitcuervo #cuervomargseason,47874.0,1.51,Casual / Conversational,,No,,No,0.0,13,0.0,No,722
Jose Cuervo,Instagram,2025-06-27,Carousel,,Cuervo,The Pulse,,Entertain,https://www.instagram.com/p/DLaWLQsM-sd,241.0,19,46.0,16,0.0,"🥵 Things are heating up in the Villa… and we’re just getting started.

Cuervo is officially coupling up with @LoveIslandUSA this marg season. Catch us every Saturday on AfterSun 👀 where the margs are flowing and the drama never misses.

🍹Watch Season 7 of #LoveIslandUSA every day except hump day – 9/8c only on @peacock 

#cuervoxloveislandusa #keepitcuervo #cuervomargseason
#loveislandusa #aftersun #loveisland2025",12:54,0.0,#LoveIslandUSA #cuervoxloveislandusa #keepitcuervo #cuervomargseason #loveislandusa #aftersun #loveisland2025,75146.0,0.43,Casual / Conversational,,Yes,@LoveIslandUSA,No,3.0,61,2.0,No,322
Jose Cuervo,Instagram,2025-06-28,Reel,,Cuervo,The Ritual,,Entertain,https://www.instagram.com/reel/DLdl4-oNvo5,44.0,6,9.0,1,2506.0,"All we needed to hear was - “Cuervo Collective DJs are going B2B on a rooftop and there will be margss!”

Some nights aren’t chill, they’re iconic!

#cuervo #cuervomoments #rooftopparty #thetequilathatinventedtequila #cuervocollective #cuervomargseason @lilsabotage @dinabn @kinginesse @ladylee.rooftop",19:09,0.0,#cuervo #cuervomoments #rooftopparty #thetequilathatinventedtequila #cuervocollective #cuervomargseason,2506.0,2.39,Playful / Fun,,Yes,@lilsabotage,Yes,0.0,37,4.0,No,60
Jose Cuervo,Instagram,2025-06-29,Reel,,Partner,The Front Row,,Entertain,https://www.instagram.com/p/DLfcjt4OFME/,98.0,0,14.0,8,4359.0,"Revved up for delicious taste 🍹 A party️ you won’t want to miss. Stop by the Cuervo Oasis in the Fan Plaza for a refreshing Margarita, made with the tequila that invented tequila – Cuervo 😎 RECIPE 2oz Cuervo Tradicional Blanco 1oz Fresh Lime Juice 0.75oz Agave Nectar METHOD Add all ingredients to a shaker and fill with ice. Shake and strain into glass filled with ice. Garnish with lime wheel.",,,,,,,,,,,,71,,,120
Jose Cuervo,Instagram,2025-06-29,Carousel,,Cuervo,The Front Row,,Entertain,https://www.instagram.com/p/DLfvc3bOukm,68.0,2,1.0,1,0.0,"Let’s play this or that in the comments below! ⬇️ 

🥃 Daytime Margaritas or Nighttime Shots? 
🎶Festivals or House Parties? 
🍹Spicy or Fruity Cocktails? 
🧊On the Rocks or Frozen?

#cuervo #daytonight #cuervomoments #margaritaseason #cuervomargseason #thetequilathatinventedtequila",15:11,0.0,#cuervo #daytonight #cuervomoments #margaritaseason #cuervomargseason #thetequilathatinventedtequila,14974.0,0.48,Casual / Conversational,,No,,No,6.0,35,0.0,No,72
Jose Cuervo,Instagram,2025-06-30,Carousel,,Partner,The Front Row,,Entertain,https://www.instagram.com/p/DLidXwNIHqw/,116.0,9,32.0,9,5807.0,"Heart-pounding action 🤝 hell-raising mischief 😈 Come check out Devil’s Reserve at Turn 12 during the NASCAR Chicago Street Race, featuring carnival games, prizes, and your chance to sip sweet, spicy, and tropical infused tequila! RECIPE 2oz Devil’s Reserve 1oz Watermelon Schnapps 0.25 Fresh Lime Juice 1 Dash of Hot Sauce (optional) Top with Club Soda METHOD Add all ingredients, except the club soda to a shaker and fill with ice. Shake and strain into glass filled with ice. Top with club soda. Garnish with watermelon cube.",,,,,,,,,,,,87,,,166
Jose Cuervo,Instagram,2025-07-01,Carousel,,Collective,The Ritual,,Entertain,https://www.instagram.com/p/DLkklUxuRR0/?img_index=1,1000.0,30,10.0,17,61113.0,"marg szn 🤝 rooftop szn it’s a Cuervo summer so i’ll be on a rooftop, marg in hand every weekend 🤪🍹 @josecuervotequila #cuervopartner #cuervocollective 📸: @portraitsbyelexis",,,,,,,,,,,,26,,,1057
Jose Cuervo,Instagram,2025-07-02,Carousel,,Cuervo,The Pulse,,Entertain,https://www.instagram.com/p/DLnS3r5uTR9,99.0,12,29.0,4,0.0,"Our cocktails are checking all the boxes! Let us know your favorite Cuervo cocktail in the comments ⬇️

🍹Watch Season 7 of #LoveIslandUSA every day except hump day – 9/8c only on @peacock 

#keepitcuervo #cuervomargseason #loveislandusa #margszn @loveislandusa",13:35,0.0,#LoveIslandUSA #keepitcuervo #cuervomargseason #loveislandusa #margszn,22405.0,0.64,Casual / Conversational,Comment below,Yes,@peacock,No,3.0,38,2.0,No,144
Jose Cuervo,Instagram,2025-07-02,Reel,,Partner,The Front Row,,Edutain,https://www.instagram.com/p/DLns7U8vc-y/,118.0,0,21.0,9,4651.0,"The tequila that invented tequila 🍹 Shaked and stirred for an unforgettable #NASCARChicago weekend 🤌 Pick up your Pit Stop Chi-Paloma at the NASCAR Chicago Street Race! RECIPE 2oz Cuervo Tradicional Reposado 0.5oz Fresh Lime Juice 1oz Fresh Grapefruit Juice 0.25oz Chipotle Agave Nectar Top with Grapefruit Soda METHOD Add all ingredients, except the grapefruit soda to a shaker and fill with ice. Shake and strain into glass filled with ice. Top with grapefruit soda. Garnish with grapefruit half wheel. #NASCARChicago",,,,,,,,,,,,81,,,148
Jose Cuervo,Instagram,2025-07-03,Reel,,Cuervo,The Front Row,,Entertain,https://www.instagram.com/reel/DLpmpbEMByj,83.0,3,9.0,7,4314.0,"Cuervo Confessional booth 😈

Truth or... more truth? From spicy secrets to festival flings, no one left without spilling something. Would you survive the hot seat? 👀🎤

#cuervoconfessions #CuervoMargSeason #sandinmyboots #CuervoMoments #festivals",11:07,0.0,#cuervoconfessions #CuervoMargSeason #sandinmyboots #CuervoMoments #festivals,4314.0,2.36,Casual / Conversational,,No,,Yes,3.0,32,0.0,No,102
Jose Cuervo,Instagram,2025-07-03,Static Image,,Cuervo,The Pulse,,Entertain,https://www.instagram.com/p/DLqLF9rA1qn,68.0,11,21.0,2,0.0,"back when this had her 😭but now she’s busy, unbothered, and sipping better margs 🍹
#keepitcuervo #cuervomargseason",16:25,0.0,#keepitcuervo #cuervomargseason,22346.0,0.46,Casual / Conversational,,No,,No,2.0,17,0.0,No,102
Jose Cuervo,Instagram,2025-07-04,Carousel,,Cuervo,The Pulse,,Entertain,https://www.instagram.com/p/DLtAZDPJolV,69.0,2,18.0,1,0.0,"We cannot believe what was aired out in our stories… but we LOVED it! 

Swipe through the madness and keep ‘em coming. Our Cuervo social team might just feature yours next 👀

🍹Watch Season 7 of #LoveIslandUSA every day except hump day – 9/8c only on @peacock 

#keepitcuervo #cuervomargseason #loveislandUSA @loveislandusa",18:49,0.0,#LoveIslandUSA #keepitcuervo #cuervomargseason #loveislandUSA,26169.0,0.34,Casual / Conversational,,Yes,@peacock,No,2.0,51,2.0,No,90
Jose Cuervo,Instagram,2025-07-05,Carousel,,Cuervo,The Pulse,,Entertain,https://www.instagram.com/p/DLvlvlhOgT0,144.0,16,17.0,2,0.0,"🔍 Where’s Cuervo? Three bottles are hidden somewhere in the Villa... 👀

We’ve hidden a Blanco, Reposado, and Devil’s Reserve bottle somewhere inside these Love Island USA sets. Can you spot them?

Drop “CUERVO!” in the comments when you find one (or all six!)🍸 🏝️

Watch Season 7 of #LoveIslandUSA every day except hump day – 9/8c only on @peacock 

#keepitcuervo #cuervomargseason #loveislandUSA @loveislandusa",18:54,0.0,#LoveIslandUSA #keepitcuervo #cuervomargseason #loveislandUSA,33175.0,0.54,Casual / Conversational,,Yes,@peacock,No,5.0,64,2.0,No,179
Jose Cuervo,Instagram,2025-07-07,Reel,,Partner,The Front Row,,Entertain,https://www.instagram.com/reel/DL0KTAWJDVI,99.0,5,6.0,2,6712.0,"🎧 After just a few takes… Seb nailed it! 😂
@sebmarmolejo took us through a behind-the-scenes at the @nascarchicago Street Race!

🍹Margs flowing & 🏁 NASCAR Chicago Street Race energy all around!",13:32,0.0,,6712.0,1.67,Casual / Conversational,,Yes,@sebmarmolejo,Yes,4.0,32,2.0,No,112
Jose Cuervo,Instagram,2025-07-09,Video,,Cuervo,The Pulse,,Entertain,https://www.instagram.com/p/DL5wr9gJVda,163.0,3,24.0,7,0.0,"Meet Margarita: bold, timeless, and always the life of the party 🍸💃

How are you celebrating marg season? 👀",17:42,0.0,,24921.0,0.79,Bold / Edgy,,No,,No,3.0,19,0.0,No,197
Jose Cuervo,Instagram,2025-07-10,Static Image,,Cuervo,The Pulse,,Entertain,https://www.instagram.com/p/DL7h20DOzVK,99.0,6,26.0,4,0.0,"honestly? sounds kind of iconic 🍹🔥

Watch Season 7 of #LoveIslandUSA every day except hump day – 9/8c only on @peacock 

#keepitcuervo #cuervomargseason #loveislandUSA @loveislandusa",10:11,0.0,#LoveIslandUSA #keepitcuervo #cuervomargseason #loveislandUSA,27023.0,0.5,Casual / Conversational,,Yes,@peacock,No,2.0,25,2.0,No,135
Jose Cuervo,Instagram,2025-07-11,Reel,,Cuervo,The Front Row,,Entertain,https://www.instagram.com/reel/DL-YDQjsKCX,99.0,3,5.0,6,5596.0,"If you see Cuervo at a festival, just know we got you! 🔥

Limbo, margaritas, dance battles, and the Cuervo Collective on the decks… the vibes are unstoppable 🤪

When Cuervo takes over, anything can happen. Don’t miss out! 

#thetequilathatinventedtequila #cuervocollective #cuervomargseason #festivals",12:44,0.0,#thetequilathatinventedtequila #cuervocollective #cuervomargseason #festivals,5596.0,2.02,Casual / Conversational,,Yes,,Yes,2.0,43,0.0,No,113
Jose Cuervo,Instagram,2025-07-14,Carousel,,Cuervo,The Pulse,,Entertain,https://www.instagram.com/p/DMFtDORP3ca,143.0,13,15.0,8,0.0,"She’s got bars 🎤 and now that she's out of the villa, she’s got a papaya marg on us! 🍹

🎶 Slide for the anthem of the summer feat. a Cuervo Papaya Marg

#cuervomargseason #keepitcuervo #thetequilathatinventedpapayamargs",09:01,0.0,#cuervomargseason #keepitcuervo #thetequilathatinventedpapayamargs,28796.0,0.62,Casual / Conversational,,No,,No,3.0,36,0.0,No,179
Jose Cuervo,Instagram,2025-07-14,Reel,,Collective,The Pulse,,Entertain,https://www.instagram.com/reel/DMGFTd5JUOv,564.0,35,25.0,9,17273.0,"Can I pull you for a marg?
This is my official application to be head bartender in the villa next season 💋 

@kinginesse #cuervopartner #cuervocollective",12:51,0.0,#cuervopartner #cuervocollective,17273.0,3.66,Casual / Conversational,,Yes,@kinginesse,Yes,1.0,25,1.0,No,633
Jose Cuervo,Instagram,2025-07-15,Carousel,,Cuervo,The Pulse,,Entertain,https://www.instagram.com/p/DMIEBnbtCiZ,45.0,1,2.0,6,0.0,"Swipe through to see our favorite date stories that made us go “awww” 🥰!
🍹Watch Season 7 of #LoveIslandUSA streaming now – only on @peacock.
#keepitcuervo #cuervomargseason #loveislandUSA @loveislandusa",07:00,0.0,#LoveIslandUSA #keepitcuervo #cuervomargseason #loveislandUSA,27945.0,0.19,Casual / Conversational,,Yes,@peacock.,No,2.0,29,2.0,No,54
Jose Cuervo,Instagram,2025-07-17,Reel,,Cuervo,The Front Row,,Entertain,https://www.instagram.com/reel/DMONi8bJqk6,61.0,1,3.0,4,3215.0,"Festival fits? On point! Drink of choice? You already know 😎 #Cuervo

We hit the fields at Akamba to get the real festival vibes one cheeky question at a time!

What is your festival drink of choice? 👀

#cuervo #vibecheck #akamba2025 #cuervomoments #thetequilathatinventedtequila #festivals #cuervomargseason",16:20,0.0,#Cuervo #cuervo #vibecheck #akamba2025 #cuervomoments #thetequilathatinventedtequila #festivals #cuervomargseason,3215.0,2.15,Casual / Conversational,,No,,Yes,2.0,45,0.0,No,69
Jose Cuervo,Instagram,2025-07-21,Reel,,Partner,The Front Row,,Entertain,https://www.instagram.com/reel/DMX74iMMvU1,109.0,9,37.0,5,11177.0,"🎤 All aboard the This or That express 🚂💥

What would you choose? 👀👇 A margarita or tequila straight-up? Salt or no salt?

#cuervoexpress #thisorthat #cuervomargseason @akambamx",10:59,0.0,#cuervoexpress #thisorthat #cuervomargseason,11177.0,1.43,Casual / Conversational,,No,,Yes,5.0,27,1.0,No,160
Jose Cuervo,Instagram,2025-07-24,Carousel,,Cuervo,The Pulse,,Edutain,https://www.instagram.com/p/DMfnpuwOzkV,191.0,10,73.0,8,0.0,"It’s THE Cuervo holiday, and we came ready to celebrate! 🥃 🎉

Swipe for all the iconic ways to raise your glass the Cuervo way ➡️ legendary reads, fun facts, and the classic margarita recipe!

Hit the link in bio to learn more about #thetequilathatinventedtequila",10:34,0.0,#thetequilathatinventedtequila,33718.0,0.84,Educational / Informative,Link in bio,No,,No,4.0,45,0.0,No,282
Jose Cuervo,Instagram,2025-07-24,Reel,,Cuervo,The Pulse,,Entertain,https://www.instagram.com/reel/DMgg6peSfBE,96.0,8,19.0,3,5320.0,"This National Tequila Day, raise a glass to the tequila that started it all 🤩 🥃
Everywhere. Anywhere. Always Cuervo!
#cuervo #thetequilathatinventedtequila #cuervomargseason #nationaltequiladay",18:55,0.0,#cuervo #thetequilathatinventedtequila #cuervomargseason #nationaltequiladay,5320.0,2.37,Casual / Conversational,,No,,Yes,2.0,24,0.0,No,126
Jose Cuervo,Instagram,2025-07-26,Reel,,Cuervo,The Front Row,,Entertain,https://www.instagram.com/reel/DMlsR7KCebn,59.0,5,7.0,2,6975.0,"i’m passing the phone to … (Fill in the blank in the comments) 🥃 

#passthephone #cuervoenergy #tequilatok #cuervo",19:11,0.0,#passthephone #cuervoenergy #tequilatok #cuervo,6975.0,1.05,Casual / Conversational,,No,,Yes,1.0,18,0.0,No,73
Jose Cuervo,Instagram,2025-07-28,Reel,,Cuervo,The Front Row,,Entertain,https://www.instagram.com/reel/DMqjUcUJKfz,73.0,2,17.0,10,5778.0,"Serving looks and sips 🍹 We hit the festival grounds for a Cuervo-approved fit check!

What’s your go-to fest fit vibe? 👀 🤠 We love a cowboy hat!",16:28,0.0,,5778.0,1.77,Casual / Conversational,,No,,Yes,3.0,28,0.0,No,102
Jose Cuervo,Instagram,2025-07-30,Carousel,,Cuervo,The Front Row,,Entertain,https://www.instagram.com/p/DMvWQEaP-Y2,105.0,1,1.0,8,0.0,"The girlies LOVE Cuervo! 💕

Serving looks, sipping margs, and making memories under the festival sun.

#TheTequilaThatInventedTequila #FestivalSeason #cuervomargseason",13:10,0.0,#TheTequilaThatInventedTequila #FestivalSeason #cuervomargseason,24738.0,0.46,Casual / Conversational,,No,,No,1.0,19,0.0,No,115
Jose Cuervo,Instagram,2025-08-03,Carousel,,Cuervo,The Front Row,,Entertain,https://www.instagram.com/p/DM505stS7Ro,176.0,4,7.0,17,0.0,"When Cuervo takes over a UFC Fan Experience … let’s just say we earn our title shot 💪

🥃 Cuervo cocktails
👊 UFC energy all weekend
🖤 Cuervo + UFC forever

Next stop? Wherever the party takes us.

#Cuervo #UFC #Tequila #UFCFanExperience",14:50,0.0,#Cuervo #UFC #Tequila #UFCFanExperience,31372.0,0.65,Playful / Fun,,No,,No,4.0,42,0.0,No,204
Jose Cuervo,Instagram,2025-08-05,Reel,,Cuervo,The Front Row,,Entertain,https://www.instagram.com/reel/DM_hQSpJeo8,87.0,1,9.0,2,5624.0,"POV: The Cuervo bottle is always the main character 👀✨

Tag a Cuervo lover in your life! 

#TheTequilaThatInventedTequila #CuervoCollective @sandinmybootsfest",19:54,0.0,#TheTequilaThatInventedTequila #CuervoCollective,5624.0,1.76,Humorous / Meme,,Yes,@sandinmybootsfest,Yes,2.0,20,1.0,No,99
Jose Cuervo,Instagram,2025-08-07,Carousel,,Collective,The Ritual,,Entertain,https://www.instagram.com/p/DNEI4pgSsY2,585.0,60,28.0,4,0.0,"Summer 🤝🏽 @Josecuervotequila margs by the pool 🥵🔥🌞

Photos by @eeernie
Styled by @marissandrea
#CuervoPartner #CuervoCollective",14:57,0.0,#CuervoPartner #CuervoCollective,40289.0,1.68,Casual / Conversational,,Yes,@Josecuervotequila,No,5.0,16,3.0,No,677
Jose Cuervo,Instagram,2025-08-10,Reel,,Cuervo,The Front Row,,Entertain,https://www.instagram.com/reel/DNLxS3SoM91,52.0,0,6.0,1,2692.0,"🏁 Fast cars, bold sips, and zero chill. Cuervo showed up at the streetrace and stole the spotlight!

👉 Watch the full ride and tag your NASCAR loving friend below!
@nascarchicago",14:06,0.0,,2692.0,2.19,Bold / Edgy,Tag a friend,No,,Yes,2.0,31,1.0,No,59
Jose Cuervo,Instagram,2025-08-12,Carousel,,Cuervo,The Front Row,,Entertain,https://www.instagram.com/p/DNQb-1qsaQI,55.0,0,2.0,1,0.0,"We brought the heat and the high spirits 🔥

From crowd moments to iconic cocktails, Cuervo makes every event unforgettable.

Check out the link in our bio and stock up on Cuervo for the long weekend! 😎",09:35,0.0,,19629.0,0.3,Casual / Conversational,,No,,No,2.0,37,0.0,No,58
Jose Cuervo,Instagram,2025-08-14,Reel,,Cuervo,The Front Row,,Entertain,https://www.instagram.com/reel/DNWlAktBkoW,38.0,3,2.0,0,2374.0,"This is your sign to raise a glass but Cuervo cheers only!

👯‍♀️ Tag your ride-or-dies who never skip a sip in the comments below. 
@nascarchicago",18:50,0.0,,2374.0,1.81,Playful / Fun,Tag a friend,No,,Yes,3.0,26,1.0,No,43
Jose Cuervo,Instagram,2025-08-14,Reel,,Influencer,The Front Row,,Convince,https://www.instagram.com/p/DNV7Gi9x5MG/,24000.0,171,2600.0,1800,563741.0,Want to join me & Cuervo in Vegas for a wild experience? Sign up now to earn your shot at training with me by day & clubbing together by night 🍾 Enter at  Cuervo.com/OneShotWithTracy Link in bio #cuervopartner,,,,,,,,,,,,38,,,28571
Jose Cuervo,Instagram,2025-08-18,Reel,,Cuervo,The Front Row,,Entertain,https://www.instagram.com/reel/DNgvy7byxpP,46.0,1,8.0,2,4059.0,"POV: It’s your first NASCAR weekend with Cuervo 🏁

🎥 Share this with someone who LOVES margs, NASCAR, and having fun!
@nascarchicago",17:36,0.0,,4059.0,1.4,Humorous / Meme,Share this,No,,Yes,2.0,22,1.0,No,57
Jose Cuervo,Instagram,2025-08-19,Carousel,,Partner,The Pulse,,Convince,https://www.instagram.com/p/DNjbLGcJQL2,141.0,13,39.0,7,0.0,"☀️🍹 It’s Margarita Season and we’re turning up the heat with our partner @cheapcaribbean!

Win the Ultimate Cuervo Tequila Lover’s Trip to Puerto Vallarta and Tequila, Mexico this October! Think golden beaches, frozen margs, and a VIP day at our legendary Fábrica La Rojeña distillery (the oldest tequila distillery in the world!).

Don’t miss your chance 👀last day to enter is THIS Friday, August 22!  

Don’t want to leave it up to luck? You can book this Cuervo & CheapCaribbean getaway by calling 800-915-2322 directly. 

Sweepstakes ends August 22, 2025, and can only be redeemed for the following travel dates: October 8-11, 2025, or October 9-12, 2025. 21+ only. Terms and conditions apply. 

👉 Click the link in our bio to enter now!",18:33,0.0,,34678.0,0.58,Aspirational / Lifestyle,,No,,No,5.0,123,1.0,No,200
Jose Cuervo,Instagram,2025-08-22,Carousel,,Cuervo,The Ritual,,Entertain,https://www.instagram.com/p/DNrOUG7wDHA,133.0,10,6.0,3,0.0,"Dina from our Cuervo DJ Collective said: make the Cuervo marg! And don’t be afraid to add your own twist! 🍹

💚 Head to the link in bio for all the Cuervo recipes and save one for your next marg night. @dinabn",19:15,0.0,,28274.0,0.54,Casual / Conversational,Link in bio,No,,No,2.0,42,1.0,No,152
Jose Cuervo,Instagram,2025-08-24,Reel,,Cuervo,The Front Row,,Entertain,https://www.instagram.com/reel/DNvylXL2reT,63.0,0,5.0,3,1982.0,"💃✨ Who wore it best at #sandinmyboots?!

#posetrend #festivalootd #cuervo #tequilatok #dripcheck",13:49,0.0,#sandinmyboots #posetrend #festivalootd #cuervo #tequilatok #dripcheck,1982.0,3.58,Casual / Conversational,,No,,Yes,2.0,12,0.0,No,71
Jose Cuervo,Instagram,2025-08-26,Carousel,,Cuervo,The Front Row,,Entertain,https://www.instagram.com/p/DN0fk7-WFTz,56.0,3,5.0,2,0.0,"Sun, sound, and frozen mango margs 🥭
Cuervo came through with the flavor and the party!

👇 Drop your favorite festival in the comments + find more Cuervo magic in the link in bio.

@sebmarmolejo @niceguyerwin",09:39,0.0,,31832.0,0.21,Playful / Fun,Link in bio,Yes,@sebmarmolejo,No,2.0,36,2.0,No,66
Jose Cuervo,Instagram,2025-08-28,Reel,,Cuervo,The Ritual,,Entertain,https://www.instagram.com/reel/DN6qgAIie_-,60.0,13,13.0,1,4956.0,"Normal people: juice, eggs, oat milk

Cuervo Collective: Cuervo, decks, and other interesting items 😂 Your fridge isn’t fun until it’s got Cuervo in it.

Send this to someone who would 100% have Cuervo stocked up! @dinabn @kinginesse @sebmarmolejo @niceguyerwin",19:10,0.0,,4956.0,1.76,Playful / Fun,Share this,Yes,@dinabn,Yes,1.0,40,4.0,No,87
Jose Cuervo,Instagram,2025-09-01,Reel,,Cuervo,The Ritual,,Entertain,https://www.instagram.com/reel/DOEyjlLjoDZ,50.0,1,1.0,2,2774.0,"Camping is just not our vibe … We prefer luxury stays, brunches, pool parties, festivals, etc. 😉

🎒Share if this is your kind of “camping” trip.",17:34,0.0,,2774.0,1.95,Premium / Luxury,,No,,Yes,2.0,26,0.0,No,54
Jose Cuervo,Instagram,2025-09-03,Carousel,,Cuervo,The Craft,,Edutain,https://www.instagram.com/p/DOKI0TYjafC,116.0,14,19.0,10,0.0,"Inesse from our Cuervo DJ Collective, understood the assignment 🍹Her Cuervo marg hits just right!

Try it, tag us, & thank her in the comments below ⬇️
@kinginesse",19:23,0.0,,32279.0,0.49,Casual / Conversational,,No,,No,3.0,28,1.0,No,159
Jose Cuervo,Instagram,2025-09-05,Carousel,,Cuervo,The Craft,,Educate,https://www.instagram.com/p/DOPKQDcjcpM,169.0,10,20.0,10,0.0,"We’ve been leading with legacy and now we’re raising the bar on sustainability ♻️🌱

From the Agave Project to our Sustainable Sips pop-ups, Cuervo is changing the way we sip!

🔗 Hit the link in bio to see how we’re making every pour count!",18:12,0.0,,29926.0,0.7,Nostalgic / Heritage,Link in bio,No,,No,4.0,44,0.0,No,209
Jose Cuervo,Instagram,2025-09-07,Reel,,Cuervo,The Front Row,,Entertain,https://www.instagram.com/reel/DOT1mOOjphI,49.0,3,4.0,4,3690.0,"Yeah okay, we lied. It's always a good time with CUERVO! 😎",13:48,0.0,,3690.0,1.63,Casual / Conversational,,No,,Yes,1.0,12,0.0,No,60
Jose Cuervo,Instagram,2025-09-08,Static Image,,Collective,The Ritual,,Entertain,https://www.instagram.com/p/DOWQ5BfEzz-,201.0,19,9.0,12,0.0,"Tradition in one hand, party in the other 😎🥃

@sebmarmolejo #CuervoPartner #CuervoCollective",12:25,0.0,#CuervoPartner #CuervoCollective,41282.0,0.58,Nostalgic / Heritage,,Yes,@sebmarmolejo,No,2.0,12,1.0,No,241
Jose Cuervo,Instagram,2025-09-14,Reel,,Cuervo,The Front Row,,Entertain,https://www.instagram.com/reel/DOlqr_ogaPC,51.0,1,0.0,2,3749.0,"Margs > …, respectfully.
Fill in the blank in the comments below 😏",11:59,0.0,,3749.0,1.44,Casual / Conversational,,No,,Yes,1.0,13,0.0,No,54
Jose Cuervo,Instagram,2025-09-14,Static Image,,Partner,The Front Row,,Entertain,https://www.instagram.com/p/DOl6FtaER0x/,181.0,83,9.0,4,42656.0,radicional siempre presente 🙌🏻 ¿nos cacharon? Mencionen a @adrian_eltitan en este post para que sepa que lo vimos y se arme algo juntos 🔥,,,,,,,,,,,,24,,,277
Jose Cuervo,Instagram,2025-09-16,Carousel,,Collective,The Ritual,,Entertain,https://www.instagram.com/p/DOrJFaKCWUb,892.0,36,14.0,9,0.0,"INTRODUCING THE KING-ARITA! Inspired by fun & flirty summer vibes , @josecuervotequila & I teamed up to create a strawberry, passion fruit margarita that will be a guaranteed smash all summer! 

Here are the steps & ingredients to make your own King-arita at home! 

Ingredients
2oz Cuervo Trad Blanco
1oz Fresh Lime Juice
.5oz Passion Fruit Syrup
.25oz Agave Nectar

Garnish: Edible Orchid, Fresh Strawberry

Method: Begin by very lightly muddling 1 cut strawberry in a rocks glass. You can use a muddler, or the back of a spoon to slightly crush the cut strawberry segments.

In a shaker tin, combine Cuervo Tradicional Blanco, fresh lime juice, passion fruit syrup and agave nectar. Add ice and shake vigorously. Add ice to rocks glass and strain the cocktail over ice.

Garnish with an edible orchid and fresh strawberry
Cheers! Let me know how you like it in the comments <3

#cuervocollective #cuervopartner",15:00,0.0,#cuervocollective #cuervopartner,77372.0,1.23,Playful / Fun,,Yes,@josecuervotequila,No,0.0,151,1.0,No,951
Jose Cuervo,Instagram,2025-09-24,Carousel,,Cuervo,The Craft,,Educate,https://www.instagram.com/p/DO_uV96D5fU,114.0,1,3.0,3,0.0,"Celebrating the Cuervo flavors, rich traditions, and vibrant stories that shape our culture. 🌵✨ This Hispanic Heritage Month, we raise a glass to the spirit, creativity, and community that inspire every sip.

Which part of your heritage do you carry with pride? Share with us below! 🥂",14:51,0.0,,25905.0,0.47,Nostalgic / Heritage,,No,,No,3.0,47,0.0,No,121
Jose Cuervo,Instagram,2025-09-26,Carousel,,Cuervo,The Front Row,,Entertain,https://www.instagram.com/p/DPFuKXIiS2c,80.0,0,1.0,3,0.0,"Sun, beats, and a little Cuervo  in every sip. 🌞🎶🍹 From the first cheers to the last dance, Cuervo keeps the festival vibes flowing.

Tag your festival crew and relive the moments that made it legendary below!",22:45,0.0,,24330.0,0.35,Playful / Fun,Tag a friend,No,,No,3.0,37,0.0,No,84
Jose Cuervo,Instagram,2025-09-30,Reel,,Cuervo,The Pulse,,Entertain,https://www.instagram.com/reel/DPOvs2MjuHD,7.0,4,0.0,0,523.0,"Hispanic culture shapes the way we celebrate together. This month, we raise a glass to the traditions, flavors, and stories that make our community so vibrant🥂🇲🇽

Drop a 🥃 if you’re celebrating Hispanic Heritage Month with us!",10:52,0.0,,523.0,2.1,Nostalgic / Heritage,Comment below,No,,Yes,4.0,37,0.0,No,11
Jose Cuervo,Instagram,2025-09-30,Reel,,Cuervo,The Front Row,,Convince,https://www.instagram.com/reel/DPPTAoJiSDg,78.0,31,23.0,2,3137.0,"👊 UFC fans, we’re giving away 10 UFC PPV codes for UFC 320 so that you can stream it live next Saturday, with Cuervo in hand!

For your chance to win:
1.  Follow @josecuervotequila
2.  Comment below with your answer: What’s your walkout song if you were entering the Octagon?
3.  Include: #CuervoUFC #Sweeps

⚡ Winners will be chosen based on quality and creativity!
👀 Keep your eyes on your DMs to see if you’ve won.
🎟️ Codes will be sent prior to the Main Card.
Who’s ready?! Drop your answer below 👇

No prchse. nec. Open to (50) U.S. & D.C. only, age 21+, w/ active ESPN+ subscription. Ends 12/5/2025.  See official rules incl. prize details @ link in bio.",16:00,0.0,#CuervoUFC #Sweeps,3137.0,4.27,Casual / Conversational,Link in bio,No,,Yes,6.0,121,1.0,No,134
Jose Cuervo,Instagram,2025-10-02,Carousel,Event/Activation,Cuervo,The Craft,,Educate,https://www.instagram.com/p/DPT-fmEDQuO/,86.0,3,3.0,2,,"Learning. Sipping. Growing. 🌱🍹 We’re raising glasses and awareness through our Cuervo sustainability workshops designed to educate and inspire the local bartender community as we strive for a world with more margaritas, less waste!

Celebrating tequila made with care for people and the planet ♻️

Check out the link in bio to learn more about Cuervo’s sustainable practices ✨",11:37,0.0,,20742.0,0.45,Educational / Informative,Link in bio,No,,No,5.0,59,0.0,No,94
Jose Cuervo,Instagram,2025-10-02,Carousel,,Cuervo,The Craft,,Educate,https://www.instagram.com/p/DPT-fmEDQuO/?img_index=1,86.0,3,3.0,2,20790.0,"Learning. Sipping. Growing. 🌱🍹 We’re raising glasses and awareness through our Cuervo sustainability workshops designed to educate and inspire the local bartender community as we strive for a world with more margaritas, less waste!

Celebrating tequila made with care for people and the planet ♻️

Check out the link in bio to learn more about Cuervo’s sustainable practices ✨",11:37,0.0,,20742.0,0.45,Educational / Informative,Link in bio,No,,No,5.0,59,0.0,No,94
Jose Cuervo,Instagram,2025-10-04,Reel,Event/Activation,Cuervo,The Craft,,Entertain,https://www.instagram.com/reel/DPaE1uRChbB/,71.0,5,9.0,3,3146.0,"The Hanky Panky bartenders know how to make every Cuervo moment unforgettable 🥂

@tales_of_the_cocktail @hankypankydf",20:28,0.0,,3146.0,2.8,Educational / Informative,,Yes,@tales_of_the_cocktail,Yes,1.0,15,2.0,No,88
Jose Cuervo,Instagram,2025-10-04,Reel,,Cuervo,The Ritual,,Entertain,https://www.instagram.com/p/DPaE1uRChbB/,71.0,5,9.0,3,3166.0,"The Hanky Panky bartenders know how to make every Cuervo moment unforgettable 🥂

@tales_of_the_cocktail @hankypankydf",20:28,0.0,,3146.0,2.8,Educational / Informative,,Yes,@tales_of_the_cocktail,Yes,1.0,15,2.0,No,88
Jose Cuervo,Instagram,2025-10-06,Carousel,Event/Activation,Cuervo,The Ritual,,Entertain,https://www.instagram.com/p/DPev6KWE3d1/,85.0,0,5.0,4,,"Big vibes. Bigger crowds. 🍹🎶 Our Cuervo festival activations keep the party moving!

Who’s ready to dance, sip, and make memories? Comment 🕺 below",16:01,0.0,,22683.0,0.41,Playful / Fun,,No,,No,3.0,24,0.0,No,94
Jose Cuervo,Instagram,2025-10-06,Carousel,,Cuervo,The Front Row,,Entertain,https://www.instagram.com/p/DPev6KWE3d1/?img_index=1,86.0,0,5.0,4,22737.0,"Big vibes. Bigger crowds. 🍹🎶 Our Cuervo festival activations keep the party moving!

Who’s ready to dance, sip, and make memories? Comment 🕺 below",16:01,0.0,,22683.0,0.41,Playful / Fun,,No,,No,3.0,24,0.0,No,95
Jose Cuervo,Instagram,2025-10-07,Reel,Product/Lifestyle,Cuervo,The Pulse,,Entertain,https://www.instagram.com/reel/DPhfVlLjzrP/,70.0,10,6.0,4,2864.0,"If your taco doesn’t come with a Cuervo marg… start over 😉

Happy #NationalTacoDay from #thetequilathatinventedtequila that makes every bite taste better 🌮🍹",17:35,0.0,#NationalTacoDay #thetequilathatinventedtequila,2864.0,3.14,Casual / Conversational,,No,,Yes,3.0,23,0.0,No,90
Jose Cuervo,Instagram,2025-10-07,Reel,,Cuervo,The Pulse,,Entertain,https://www.instagram.com/p/DPhfVlLjzrP/,70.0,10,6.0,4,2882.0,"If your taco doesn’t come with a Cuervo marg… start over 😉

Happy #NationalTacoDay from #thetequilathatinventedtequila that makes every bite taste better 🌮🍹",17:35,0.0,#NationalTacoDay #thetequilathatinventedtequila,2864.0,3.14,Casual / Conversational,,No,,Yes,3.0,23,0.0,No,90
Jose Cuervo,Instagram,2025-10-08,Reel,Event/Activation,Partner,The Craft,,Entertain,https://www.instagram.com/reel/DPjYRnjiQpc/,89.0,6,9.0,4,3775.0,"Behind every perfect pour is a bartender with a story!  Meet the Vertical team,  bringing Cuervo magic to life 🍸✨

👀 Tag someone who needs to see these skills behind the bar!
@vertical.evolutivo @tales_of_the_cocktail",11:11,0.0,,3775.0,2.86,Aspirational / Lifestyle,Tag a friend,Yes,@vertical.evolutivo,Yes,3.0,34,2.0,No,108
Jose Cuervo,Instagram,2025-10-08,Reel,,Influencer,The Ritual,,Entertain,https://www.instagram.com/p/DPjYRnjiQpc/,89.0,6,9.0,4,3829.0,"Behind every perfect pour is a bartender with a story!  Meet the Vertical team,  bringing Cuervo magic to life 🍸✨

👀 Tag someone who needs to see these skills behind the bar!
@vertical.evolutivo @tales_of_the_cocktail",11:11,0.0,,3775.0,2.86,Aspirational / Lifestyle,Tag a friend,Yes,@vertical.evolutivo,Yes,3.0,34,2.0,No,108
Jose Cuervo,Instagram,2025-10-09,Reel,,Influencer,The Front Row,,Entertain,https://www.instagram.com/p/DPmGqSVjhYk/,8436.0,66,689.0,68,,Putting in the work now so we can celebrate with @josecuervotequila margaritas later 🥃🍋‍🟩 See you next week in Vancouver 👊 #cuervopartner,,,,,,,,,,,,22,,,9259
Jose Cuervo,Instagram,2025-10-11,Reel,Cocktail Highlights,Collective,The Ritual,,Edutain,https://www.instagram.com/reel/DPrGASqAgde/,235.0,59,33.0,8,7444.0,"Crafted in the 305 — meet La Madurita 🍌🍹 
A marg made to beat the Miami heat 🔥🌴

Cuervo “Madurita” Recipe:
 • 2 oz Cuervo Trad Reposado
 • 1 oz Fresh Lime Juice
 • 0.5 oz Platano Maduro Syrup or Agave Syrup
 • 0.25 oz Triple Sec
 • 0.25 oz Crème de Banane
Garnish: Plantain Chip",11:06,0.0,,7444.0,4.5,Premium / Luxury,,No,,Yes,4.0,56,0.0,No,335
Jose Cuervo,Instagram,2025-10-14,Reel,Cocktail Highlights,Cuervo,The Craft,,Entertain,https://www.instagram.com/reel/DPzDWXJk6Mj/,77.0,4,6.0,8,11036.0,"Neon lights, oysters, highballs, and Cuervo energy! NOLA nights don’t get any better 🦪🍸
Who would you bring to this party? Drop a name in the comments! 🔥 @tales_of_the_cocktail",13:16,0.0,,11036.0,0.86,Playful / Fun,Comment below,No,,Yes,3.0,29,1.0,No,95
Jose Cuervo,Instagram,2025-10-16,Carousel,Cocktail Highlights,Cuervo,The Ritual,,Entertain,https://www.instagram.com/p/DP4EbZsD164/,117.0,4,7.0,4,,"Margs taste so much better when our Cuervo Collective makes them 🤩🎶 Keeping summer vibes going with the perfect sweet and spicy @josecuervotequila margarita 🌶️🍍 Recipe below!! @dinabn

Ingredients: 
2oz Cuervo Trad Blanco 
.25oz Fresh Lime Juice
.75oz  Fresh Pineapple Juice
.25oz Spicy Agave Nectar
1.5oz Grapefruit Lime Tepache 

Instructions: 
1. In a Shaker Tin, combine Cuervo, Fresh Lime Juice, Fresh Pineapple Juice, and Spicy Agave Nectar. Add ice and shake vigorously for 15 seconds.
2. Strain into a rocks glass over fresh ice. Top with 1.5oz of Grapefruit Lime Tepache. Quick stir to incorporate. 
3. Garnish with a Dehydrated Pineapple Wheel and a Tamarindo Candy Straw.",12:01,0.0,,27869.0,0.47,Bold / Edgy,,Yes,@josecuervotequila,No,5.0,107,2.0,No,132
Jose Cuervo,Instagram,2025-10-18,Reel,Cocktail Highlights,Cuervo,The Craft,,Entertain,https://www.instagram.com/reel/DP-IFN0Elnp/,69.0,3,4.0,5,2463.0,"Highball or Margarita? Salt rim or Tajín? We want to know your vibe too! 🥂

👉 Choose, comment, and tag a friend to challenge them too! @tales_of_the_cocktail",20:29,0.0,,2463.0,3.29,Casual / Conversational,Tag a friend,No,,Yes,2.0,27,1.0,No,81
Jose Cuervo,Instagram,2025-10-20,Reel,Cocktail Highlights,Cuervo,The Craft,,Edutain,https://www.instagram.com/reel/DQC1SVCEa1S/,83.0,2,13.0,5,3567.0,"Style that feels good, because this merch is made with purpose 🌿

💬 Which piece is calling your name? Let us know in the comments below!

@tales_of_the_cocktail @hijadetumadre @cayetano_gaxiola",16:21,0.0,,3567.0,2.89,Casual / Conversational,Comment below,Yes,@tales_of_the_cocktail,Yes,2.0,29,3.0,No,103
Jose Cuervo,Instagram,2025-10-20,Reel,Giveaway/Promo,Cuervo,The Front Row,,Convince,https://www.instagram.com/reel/DQCLq2ajr-i/,74.0,32,25.0,7,4689.0,"👊 UFC 321 is almost here, and Cuervo’s got your ticket to the action!

We’re giving away 10 UFC PPV codes for UFC 321 so you can stream it live Saturday, October 25th… with a Cuervo marg in hand!

For your chance to win:
1️⃣ Follow @josecuervotequila
2️⃣ Comment below and tell us: What athlete are you calling out if you stepped into the Octagon? 👀
3️⃣ Include: #CuervoUFC #Sweeps

⚡ Winners will be chosen based on quality and creativity!
👀 Keep your eyes on your DMs to see if you’ve won.
🎟️ Codes will be sent before the Main Card.

Are you ready?! Drop your callout below 👇

 #UFC321 #CuervoUFC

No prchse. nec. Open to (50) U.S. & D.C. only, age 21+, w/ active ESPN+ subscription. Ends 12/5/2025. See official rules incl. prize details @ link in bio.",10:18,0.0,#CuervoUFC #Sweeps #UFC321 #CuervoUFC,4689.0,2.94,Casual / Conversational,Comment below,No,,Yes,10.0,139,1.0,No,138
Jose Cuervo,Instagram,2025-10-23,Reel,Collective,Collective,The Ritual,,Entertain,https://www.instagram.com/reel/DQKl9chDz2E/,164.0,22,21.0,4,5190.0,"Making people’s day, one marg at a time 😎🥃  @josecuervotequila #CuervoPartner #CuervoCollective",16:43,0.0,#CuervoPartner #CuervoCollective,5190.0,4.07,Casual / Conversational,,Yes,@josecuervotequila,Yes,2.0,12,1.0,No,211
Jose Cuervo,Instagram,2025-10-28,Carousel,Collective,Collective,The Ritual,,Entertain,https://www.instagram.com/p/DQW2RJhjggV/,310.0,28,13.0,3,,"Cuervo in hand, Miami in Motion!
Where will you catch me next?!

#CuervoPartner #cuervocollective",10:54,0.0,#CuervoPartner #cuervocollective,29280.0,1.21,Casual / Conversational,,Yes,,No,0.0,14,0.0,No,354
Jose Cuervo,Instagram,2025-10-30,Carousel,Collective,Collective,The Pulse,,Entertain,https://www.instagram.com/p/DQcEv2TDLHW/,374.0,17,22.0,7,,"some tequila, spice, & everything nice 🧪😈 

#CuervoPartner #CuervoCollective",11:37,0.0,#CuervoPartner #CuervoCollective,43627.0,0.96,Casual / Conversational,,Yes,,No,2.0,9,0.0,No,420
Jose Cuervo,Instagram,2025-10-31,Carousel,Cocktail Highlights,Cuervo,The Pulse,,Entertain,https://www.instagram.com/p/DQel4X-DtRP/,100.0,4,8.0,5,,"How’s your Cuervo spooky season?? 😈

@dinabn from our Cuervo collective is mixing up spooky vibes and Cuervo margs!

Let us know in the comments below 👇",11:05,0.0,,23854.0,0.49,Casual / Conversational,Comment below,No,,No,2.0,27,1.0,No,117
Jose Cuervo,Instagram,2025-11-01,Carousel,Product/Lifestyle,Cuervo,The Pulse,,Entertain,https://www.instagram.com/p/DQiW5vdjUdH/,118.0,5,31.0,5,,"Don’t say we didn’t remind you! 😏
Daylight savings? More like an extra hour to raise a glass with Cuervo! ⏰🥃",22:11,0.0,,27118.0,0.59,Casual / Conversational,,No,,No,2.0,21,0.0,No,159
Jose Cuervo,Instagram,2025-11-06,Carousel,Cocktail Highlights,Cuervo,The Ritual,,Entertain,https://www.instagram.com/p/DQuI1IzDmbx/,76.0,3,9.0,3,,"If Tequila is your love language, Cuervo speaks it fluently! 💬 🥂

Ready to practice yours? Tag a friend, pick your pour, and make tonight count.

Check out the link in bio for all the Cuervo recipes!",10:59,0.0,,17610.0,0.52,Casual / Conversational,Link in bio,No,,No,2.0,37,0.0,No,91
Jose Cuervo,Instagram,2025-11-07,Reel,Cocktail Highlights,Cuervo,The Front Row,,Convince,https://www.instagram.com/reel/DQxHhgZj80K/,54.0,42,17.0,1,28314.0,"The countdown to UFC 322 is ON… and Cuervo wants you to catch all the action! 👊⚡️

We’re hooking up 10 fans with UFC PPV codes so you can stream the fight Saturday, November 15th — margarita in hand 🍹🔥

For your chance to win:
1️⃣ Follow @josecuervotequila
2️⃣ Comment below: Tag who you're watching UFC 322 with + what’s your go-to Cuervo cocktail?
3️⃣ Include: #CuervoUFC #Sweeps

⚡ Winners will be selected based on quality + creativity
👀 Watch your DMs to see if you score a code
🎟️ Codes will be sent ahead of the Main Card

Are you ready!? Don’t miss out and comment below 👇

#UFC322 #CuervoUFC

No prchse. nec. Open to (50) U.S. & D.C. only, age 21+, w/ active ESPN+ subscription. Ends 12/5/2025. See official rules incl. prize details @ link in bio.",14:46,0.0,#CuervoUFC #Sweeps #UFC322 #CuervoUFC,28314.0,0.4,Casual / Conversational,Link in bio,No,,Yes,13.0,139,1.0,No,114
Jose Cuervo,Instagram,2025-11-10,Carousel,Collective,Cuervo,The Ritual,,Entertain,https://www.instagram.com/p/DQ5bjpPDP74/,161.0,17,8.0,1,,"The Cuervo Collective in Mexico on film 📸🤩
 
No filters. No retakes. Just real moments & #thetequilathatinventedtequila",20:14,0.0,#thetequilathatinventedtequila,23692.0,0.79,Casual / Conversational,,No,,No,2.0,17,0.0,No,187
Jose Cuervo,Instagram,2025-11-12,Carousel,Cocktail Highlights,Cuervo,The Pulse,,Entertain,https://www.instagram.com/p/DQ95KVFFxUI/,57.0,1,0.0,1,,"Good food, good friends, and good tequila… that’s the recipe for a Cuervo Friendsgiving! (and the ones in the link in bio ofc)

Here’s to the moments that bring us together 🤍🥃 Send to the friend who’s hosting Friendsgiving this year for inspo! 

@dinabn",13:50,0.0,,16301.0,0.36,Casual / Conversational,Link in bio,No,,No,1.0,44,1.0,No,59
Jose Cuervo,Instagram,2025-11-12,Reel,Cocktail Highlights,Partner,The Craft,,Educate,https://www.instagram.com/reel/DQ-CUcbk2QU/,121.0,10,20.0,6,4408.0,"Margaritas + ocean views = perfection. 🌴

Learn how to mix our Classic Margarita with @JtheTequilaGuy, then start planning your next beachside getaway with @cheapcaribbean",15:10,0.0,,4417.0,3.55,Educational / Informative,,Yes,@JtheTequilaGuy,Yes,1.0,25,2.0,No,157
Jose Cuervo,Instagram,2025-11-14,Carousel,Brand Heritage / Culture,Cuervo,The Craft,,Educate,https://www.instagram.com/p/DRCpzvLDnov/,64.0,6,1.0,3,,"The tequila that invented tequila 🥃⚡️

From the shirt tequila made to the smile tequila made, it all starts with Cuervo.

Here’s to the originals, the ones who do it first (and do it right)!",10:12,0.0,,18032.0,0.41,Casual / Conversational,,No,,No,3.0,35,0.0,No,74
Jose Cuervo,Instagram,2025-11-16,Carousel,Cocktail Highlights,Cuervo,The Pulse,,Educate,https://www.instagram.com/p/DRIZhwMD0hv/,39.0,2,2.0,2,,"Friendsgiving survival starts with one thing: Cuervo® Tradicional® Blanco.

Big-batch Paloma, Mule with a lil edge, or a bright Cranberry Spritz… Consider your cocktail duty handled. 🍹

Click the link in bio for the recipes + get a bottle delivered before the feast! 🦃✨",15:45,0.0,,16003.0,0.28,Casual / Conversational,Link in bio,No,,No,3.0,44,0.0,No,45
Jose Cuervo,Instagram,2025-11-18,Carousel,Cocktail Highlights,Cuervo,The Ritual,,Entertain,https://www.instagram.com/p/DRNJaOwDVoS/,83.0,5,2.0,2,,"Wherever Cuervo shows up, good times always follow! 🥃 Because no one does it like #thetequilathatinventedtequila

Check out the link in our bio for easy to make at home Cuervo cocktails!",12:00,0.0,#thetequilathatinventedtequila,15158.0,0.61,Playful / Fun,,No,,No,1.0,31,0.0,No,92
Jose Cuervo,Instagram,2025-11-20,Carousel,,Collective,The Ritual,,Entertain,https://www.instagram.com/p/DRSZmg3kT64/?img_index=1,200.0,12,5.0,1,,When they ask what you bring to the table! 😏😤🍹 @josecuervotequila #cuervopartner #cuervocollective,,,,,,,,,,,,13,,,218
Jose Cuervo,Instagram,2025-11-24,Carousel,,Collective,The Pulse,,Entertain,https://www.instagram.com/p/DRckpihgP_J/?img_index=1,658.0,14,18.0,3,,"Happy Friendsgiving 🤎 For this holiday season, I’m thankful to have my favorite tequila help me bring my friends & family together to create such special moments! ✨ I had so much fun hosting & crafting my very own @josecuervotequila friendsgiving themed cocktails! My Cuervo cranberry spritz, apple pie margarita, & a pistachio martini were a HIT! Recipes coming soon so you can be the most popular person at the dinner table! 😉 #cuervopartner #cuervocollective",,,,,,,,,,,,75,,,693
Jose Cuervo,Instagram,2025-11-26,Reel,Collective,Cuervo,The Pulse,,Educate,https://www.instagram.com/reel/DRh6bc2D0LZ/,35.0,2,3.0,0,1970.0,"If you’re hosting the crew for Friendsgiving, make sure you try these delicious pumpkin pie margaritas! 

@josecuervotequila #cuervopartner #cuervocollective",13:35,0.0,#cuervopartner #cuervocollective,1988.0,2.01,Casual / Conversational,,Yes,@josecuervotequila,Yes,0.0,19,1.0,No,40
Jose Cuervo,Instagram,2025-11-27,Reel,Collective,Cuervo,The Pulse,,Entertain,https://www.instagram.com/reel/DRj0WKFke24/,85.0,6,7.0,2,4008.0,"Family, friends, good vibes… and Cuervo margs!

Here’s what the Cuervo Collective is grateful for this year 🥂✨

Tell us what you’re thankful for below ⬇️",07:20,0.0,,4032.0,2.48,Casual / Conversational,Comment below,No,,Yes,4.0,26,0.0,No,100
Jose Cuervo,Instagram,2025-11-28,Reel,Giveaway/Promo,Cuervo,The Front Row,,Convince,https://www.instagram.com/reel/DRnT1YVj-0L/,65.0,27,23.0,5,23987.0,"You know what time it is… UFC 323 is almost here! We’re giving away 10 UFC PPV codes so you can catch every jab, kick, and knockout with a Cuervo marg in hand!⚡️

Want in? Here’s how to enter for a chance to win:
1️⃣ Follow @josecuervotequila
2️⃣ Comment below: Tag the friend who becomes the unofficial watch party bartender + which Cuervo marg they'll be serving all night long🍹🔥
3️⃣ Include #CuervoUFC #Sweeps

⚡ Winners will be selected based on quality + creativity
👀 Watch your DMs to see if you score a code
🎟️ Codes will be sent ahead of the Main Card

Let’s see who’s in your watch party crew, tag them below 👇

#UFC322 #CuervoUFC

No prchse. nec. Open to (50) U.S. & D.C. only, age 21+, w/ active ESPN+ subscription. Ends 12/5/2025. See official rules incl. prize details @ link in bio.",15:52,0.0,#CuervoUFC #Sweeps #UFC322 #CuervoUFC,24012.0,0.5,Educational / Informative,Link in bio,No,,Yes,12.0,147,1.0,No,120
Jose Cuervo,Instagram,2025-12-01,Reel,Collective,Collective,The Pulse,,Entertain,https://www.instagram.com/reel/DRuxwPXESv7/,223.0,23,6.0,3,9411.0,"Cozy moments brought to you by Cuervo magic ✨🤎 🤝 

@josecuervotequila #cuervopartner #cuervocollective",13:28,0.0,#cuervopartner #cuervocollective,9446.0,2.7,Casual / Conversational,,Yes,@josecuervotequila,Yes,2.0,13,1.0,No,255
Jose Cuervo,Instagram,2025-12-02,Reel,,Collective,The Pulse,,Entertain,https://www.instagram.com/p/DRxcC5nEl1m/,93.0,4,4.0,0,5200.0,"The perfect @josecuervotequila drink for every Friendsgiving dish! Had to call in some besties to help me cook a cute lil dinner for me and some friends <3 S/o @awesomezaucy & @claudia.again Dish 🤝🏽 Drink pairings: Cuervo Blanco Spritz x Steak, Jalapeño Marg x Mac and Cheese, Cuervo Carajillo x Apple Cobbler 🥵 Shot and edited by @mostknownrandi #CuervoPartner #CuervoCollective",,,,,,,,,,,,60,,,101
Jose Cuervo,Instagram,2025-12-03,Carousel,Cocktail Highlights,Cuervo,The Ritual,,Entertain,https://www.instagram.com/p/DRz6VDKE4H5/,74.0,7,0.0,2,,"Shaken or straight up?
🥃 However you pour it, make it Cuervo!

Let us know how you like it below 👇",13:19,0.0,,11227.0,0.74,Casual / Conversational,Comment below,No,,No,2.0,21,0.0,No,83
Jose Cuervo,Instagram,2025-12-05,Reel,Cocktail Highlights,Cuervo,The Pulse,,Entertain,https://www.instagram.com/reel/DR5U065DzA6/,38.0,0,1.0,0,1586.0,"Erwin’s holiday set starts with a Cuervo pre-game 🍹✨

Drop a 🎧 if you’re making margs this season + tap the link in bio to shake up your own Cuervo pre-game.",15:47,0.0,,1607.0,2.43,Casual / Conversational,Link in bio,No,,Yes,3.0,31,0.0,No,39
Jose Cuervo,Instagram,2025-12-11,Static Image,Cocktail Highlights,Cuervo,The Ritual,,Entertain,https://www.instagram.com/p/DSIjgzADSgl/,40.0,2,1.0,0,,"Only 192 days until Summer…. Good thing it’s always marg season when Cuervo’s in the mix🍹☀️

Summer’s a state of mind, and we pour it year-round! Check out the link in our bio for summer-inspired recipes.",13:44,0.0,,8522.0,0.5,Casual / Conversational,,No,,No,3.0,36,0.0,No,43
Jose Cuervo,Instagram,2025-12-12,Reel,,Influencer,The Pulse,,Entertain,https://www.instagram.com/p/DSLYPvskVfg/,758.0,12,60.0,3,26400.0,"#CuervoPartner Making some new holiday traditions with @josecuervotequila . This Holiday Season, keep it Cuervo! #CuervoHolidaySeason #CuervoMarg",,,,,,,,,,,,17,,,833
Jose Cuervo,Instagram,2025-12-15,Static Image,Cultural Moment/Holiday,Cuervo,The Pulse,,Entertain,https://www.instagram.com/p/DSS3CVWjCPk/,63.0,0,8.0,4,,"The holidays called… they want more margs 🎁

Good news: with Cuervo, marg season never ends! ✨",13:47,0.0,,13328.0,0.56,Casual / Conversational,,No,,No,2.0,17,0.0,No,75
Jose Cuervo,Instagram,2025-12-17,Reel,,Influencer,The Pulse,,Entertain,https://www.instagram.com/p/DSYJd8ciRa-/,238.0,41,17.0,5,17700.0,"#CuervoPartner You can plan all you want, but holiday parties have a lot of moving parts, so something is bound to go wrong. I planned the meal out to a “T” yet somehow forgot the most important thing - the drinks! Luckily, we kept a bottle of @josecuervotequila Authentic Mistletoe Margaritas in the fridge for this event. It’s the perfect last-minute hack when you want to serve something delicious and festive for your guests without all the hassle of buying a bunch of ingredients and pretending to be a master mixologist. This holiday season, keep it Cuervo! #CuervoPartner #CuervoHolidaySeason",,,,,,,,,,,,99,,,301
Jose Cuervo,Instagram,2025-12-17,Reel,Cocktail Highlights,Collective,The Pulse,,Educate,https://www.instagram.com/reel/DSYKtZtDy9s/,270.0,17,8.0,10,9826.0,"The perfect holiday themed Cuervo Tradicional cocktails are here! These 3 drinks are sure to be a hit at any gathering this season! Make your own with the ingredients and steps below ⬇️ 

🍒 Cranberry Spritz
Ingredients:
1 1/2 oz blanco tequila• 1 oz cranberry juice • 1/2 oz lime juice • 3 oz sparkling water
Steps:
Add tequila, cranberry juice, and lime juice to a glass.
Add ice.
Pour in sparkling water.
Stir gently.
Garnish if you want (lime wheel, cranberries).

🍎 Apple Pie Margarita
Ingredients:
2 oz añejo tequila • 3 oz apple cider • 1/2 oz lemon juice • 1/2 oz brown sugar syrup •
pinch pumpkin spice • apple slices + cinnamon stick
Steps:
Add tequila, apple cider, lemon juice, syrup, and pumpkin spice to a shaker.
Add ice and shake well.
Strain into a glass with fresh ice.
Garnish with apple slices and a cinnamon stick.

💚 Pistachio Espresso Martini
Ingredients:
2 oz blanco tequila • 1 oz pistachio liqueur • 1 oz espresso/cold brew concentrate • 1/2 oz 
brown sugar syrup • ice • crushed pistachios (rim)
Steps:
Rim the glass with syrup and dip in crushed pistachios.
Add tequila, pistachio liqueur, espresso, and syrup to a shaker.
Fill with ice.
Shake hard until frothy and cold.
Strain into your rimmed glass.

@josecuervotequila #cuervopartner #cuervocollective",15:15,0.0,#cuervopartner #cuervocollective,9996.0,3.06,Aspirational / Lifestyle,,Yes,@josecuervotequila,Yes,5.0,221,1.0,No,305
Jose Cuervo,Instagram,2025-12-18,Reel,,Influencer,The Pulse,,Entertain,https://www.instagram.com/p/DSa1r9Vj8sv/,3242.0,17,46.0,6,127000.0,"#CuervoPartner Perfect towers? Overrated. Perfect company? Always. Who doesn’t love some friendly competition… and a few @josecuervotequila 😉 This Holiday Season, keep it Cuervo  #CuervoHolidaySeason #CuervoMarg",,,,,,,,,,,,26,,,3311
Jose Cuervo,Instagram,2025-12-19,Reel,,Influencer,The Pulse,,Entertain,https://www.instagram.com/p/DSdUXh2kmJD/,173.0,47,48.0,11,7200.0,#cuervopartner transform your own holiday party this year & enjoy a Cuervo marg 🍹🎄✨ I had way too much fun putting together one of the most memorable nights with my friends and the best crew imaginable. Thank you to @josecuervotequila for letting me get fun and weird with this concept + to everyone who rallied to make this ambitious shoot happen. #CuervoHolidaySeason #CuervoMarg Line Producer: @thebrendanlynch Art Director & talent: @hopeisdopee 1st AD & talent: @mitchyworldwide DoP: @cineharmonia 1st AC: @cheungangus 2nd AC: @g4lenka_ Gaffer: @codyjbanks Key Grip: @lester_lavonne Talent: @natalinorton @grrsantos @arvizu_arts @anamariacxo @msblondie__ @jay_klein__ @its.shoda @luzmariarvv filmed at @stuspacela,,,,,,,,,,,,101,,,279
Jose Cuervo,Instagram,2025-12-19,Carousel,Cocktail Highlights,Cuervo,The Pulse,,Entertain,https://www.instagram.com/p/DSdbMADlF9l/,25.0,2,0.0,0,,"This is how Cuervo celebrates the holidays 🎄🔥

Cuervo cocktails, loud laughs, good music, and even better outfits! 

Tag your holiday crew, save this for party inspo, and click the link in bio to stock up for your next celebration.",16:15,0.0,,5496.0,0.49,Playful / Fun,Link in bio,No,,No,2.0,40,0.0,No,27
Jose Cuervo,Instagram,2025-12-22,Reel,Cultural Moment/Holiday,Collective,The Pulse,,Entertain,https://www.instagram.com/p/DSlCeeaEe0P/,149.0,13,3.0,2,4600.0,Sipping tequila straight through the holidays! @josecuervotequila #cuervopartner #cuervocollective 📹: @dgpvisual,,,,,,,,,,,,11,,,167
Jose Cuervo,Instagram,2025-12-22,Static Image,,Cuervo,The Pulse,,Entertain,https://www.instagram.com/p/DSkybafCeDC/,50.0,0,0.0,2,,"‘Tis the season for good friends and Cuervo in hand! ✨🍹

Who are you celebrating with? Tag your holiday crew below 👇",12:53,0.0,,4770.0,1.11,Casual / Conversational,Tag a friend,No,,No,3.0,22,0.0,No,52
Jose Cuervo,Instagram,2025-12-22,Reel,,Influencer,The Pulse,,Educate,https://www.instagram.com/p/DSkjyNfgguc/,183.0,50,16.0,6,32600.0,"#CuervoPartner Holiday hosting doesn’t have to be hard. I’m partnering with @josecuervotequila to share the easiest low-effort, high-impact holiday hack. I made these gorgeous wreath-shaped ice cubes using cranberry juice, cranberries and rosemary to go with Jose Cuervo Authentic Mistletoe Margaritas. It’s already premixed, so all you have to do is open, pour over ice and enjoy, so you can spend more time enjoying the party. This holiday season, keep it Cuervo! #CuervoHolidaySeason #CuervoMarg",,,,,,,,,,,,74,,,255
Jose Cuervo,Instagram,2025-12-24,Static Image,Product/Lifestyle,Cuervo,The Pulse,,Entertain,https://www.instagram.com/p/DSpquqtje_h/,32.0,2,2.0,1,,Don’t worry we’re taking notes… 🎁 What’s on your wishlist? Drop it below 👇,10:22,0.0,,3922.0,0.94,Casual / Conversational,,No,,No,2.0,14,0.0,No,37
Jose Cuervo,Instagram,2025-12-25,Static Image,Cocktail Highlights,Cuervo,The Pulse,,Entertain,https://www.instagram.com/p/DSszzZWDag9/,44.0,0,0.0,1,,"Holiday magic hits different with Cuervo✨🍹

Cheers to cozy nights, bright lights, and Cuervo margs all season long.

What are you toasting to tonight? 👇",15:39,0.0,,4213.0,1.09,Playful / Fun,,No,,No,3.0,25,0.0,No,45
Jose Cuervo,Instagram,2025-12-27,Reel,,Collective,The Pulse,,Entertain,https://www.instagram.com/p/DSyHV4SkmkO/,411.0,83,34.0,22,11400.0,This is how we add a NICE touch to your Holiday SZN. 🎉  @josecuervotequila #cuervopartner,,,,,,,,,,,,15,,,550
Jose Cuervo,Instagram,2025-12-29,Carousel,Collective,Collective,The Pulse,,Entertain,https://www.instagram.com/p/DS2zJ0-Dnig/,370.0,12,11.0,3,,"New year, same favorite tequila 🥂✨ @josecuervotequila #cuervopartner @cuervocollective",12:45,0.0,#cuervopartner,16613.0,2.38,Casual / Conversational,,Yes,@josecuervotequila,No,2.0,9,2.0,No,396
Jose Cuervo,Instagram,2025-12-30,Carousel,Collective,Cuervo,The Pulse,,Entertain,https://www.instagram.com/p/DS5X59LD4Gc/,51.0,1,3.0,2,,"The holidays always taste better with Margs🍹 Cheers! 

@josecuervotequila #CuervoPartner #CuervoCollective",12:45,0.0,#CuervoPartner #CuervoCollective,10930.0,0.55,Playful / Fun,,Yes,@josecuervotequila,No,1.0,11,1.0,No,57
Jose Cuervo,Instagram,2025-12-31,Reel,Collective,Collective,The Pulse,,Entertain,https://www.instagram.com/reel/DS8N2sYEmAP/,86.0,7,6.0,3,6136.0,"What an amazing year full of friends, fun, & even more tequila! Wishing you all a happy Cuervo filled New Year! 🥂✨
 
@josecuervotequila #cuervopartner @cuervocollective",15:16,0.0,#cuervopartner,6222.0,1.64,Playful / Fun,,Yes,@josecuervotequila,Yes,2.0,25,2.0,No,102
Jose Cuervo,Instagram,2026-01-05,Carousel,Cultural Moment/Holiday,Cuervo,The Ritual,,Entertain,https://www.instagram.com/p/DTI29LUDAwz/,59.0,6,1.0,3,,"New year, new season… same legendary Cuervo fun 😎✨

Tag the friend you’re bringing to the next event!",13:05,0.0,,4984.0,1.38,Playful / Fun,,No,,No,2.0,18,0.0,No,69
Jose Cuervo,Instagram,2026-01-07,Carousel,Cocktail Highlights,Cuervo,The Craft,,Educate,https://www.instagram.com/p/DTOBGq4j7_i/,107.0,7,19.0,2,,"Four tequilas. Endless ways to raise your glass. Which Cuervo are you reaching for?

Blanco, Reposado, Anejo, or Cristalino 🥃👇",13:10,0.0,,4507.0,2.97,Casual / Conversational,,No,,No,2.0,20,0.0,No,135
Jose Cuervo,Instagram,2026-01-09,Carousel,Event/Activation,Cuervo,The Ritual,,Entertain,https://www.instagram.com/p/DTTcjDZD1ha/,61.0,3,1.0,3,,"Good music, great friends, and even better tequila 🍹🔥 Cuervo brought the party to Akamba! Every sip, every beat, every moment was unforgettable!!

Do you want to join us this year? 👀",15:46,0.0,,6297.0,1.08,Playful / Fun,,No,,No,3.0,32,0.0,No,68
Jose Cuervo,Instagram,2026-01-15,Carousel,Cocktail Highlights,Cuervo,The Ritual,,Entertain,https://www.instagram.com/p/DTi6H46jkY4/,50.0,0,3.0,2,,"We rang in the new year the only way we know how 🥂🔥

Hit the link in bio to learn a new Cuervo cocktail recipe & keep the vibes going!",15:53,0.0,,2724.0,2.02,Educational / Informative,Link in bio,No,,No,2.0,30,0.0,No,55
Jose Cuervo,Instagram,2026-01-17,Static Image,Brand Heritage / Culture,Cuervo,The Craft,,Edutain,https://www.instagram.com/p/DTmWosKjcua/,38.0,1,0.0,1,,"A little throwback moment never hurt anyone 📺✨

We bring our iconic Cuervo ads to our activations to celebrate our history — timeless & unforgettable.

Share this with a tequila lover!",00:00,0.0,,3475.0,1.15,Nostalgic / Heritage,Share this,No,,No,2.0,31,0.0,No,40
Jose Cuervo,Instagram,2026-01-19,Carousel,Product/Lifestyle,Cuervo,The Craft,,Entertain,https://www.instagram.com/p/DTs_lHvDs3t/,58.0,2,0.0,2,,"Nights like these don’t need much… just Cuervo, good company, and a reason to stay a little longer 🌙 🥃",13:53,0.0,,3203.0,1.97,Casual / Conversational,,No,,No,2.0,20,0.0,No,62
Jose Cuervo,Instagram,2026-01-21,Carousel,Cocktail Highlights,Cuervo,The Ritual,,Entertain,https://www.instagram.com/p/DTySNC9EY-K/,56.0,0,3.0,2,,"Who’s ready for another round? 👀🔥

Shots going up, cocktails flowing, and the whole crew locked in.

Save this for your next night out!",15:12,0.0,,3271.0,1.9,Casual / Conversational,,No,,No,2.0,24,0.0,No,61
Jose Cuervo,Instagram,2026-01-23,Carousel,Cocktail Highlights,Cuervo,The Ritual,,Entertain,https://www.instagram.com/p/DT3gW5GDJ0M/,104.0,10,13.0,5,,"There’s a tray of Cuervo cocktails… who are you sharing them with??

Tag your happy hour crew below 👇",15:52,0.0,,4119.0,3.23,Casual / Conversational,Tag a friend,No,,No,1.0,19,0.0,No,132
Jose Cuervo,Instagram,2026-01-29,Carousel,Brand Heritage / Culture,Cuervo,The Craft,,Edutain,https://www.instagram.com/p/DUG6nyAEtK6/,40.0,2,0.0,0,,"From agave to after-party ♻️

We don’t just craft tequila, we repurpose our agave bagasse into cups and new products that keep the celebration going with less waste. 

That’s how Cuervo does sustainability. 🌱",15:30,0.0,,2401.0,1.83,Playful / Fun,,No,,No,3.0,34,0.0,No,42
Jose Cuervo,Instagram,2026-01-31,Reel,Brand Heritage / Culture,Cuervo,The Craft,,Educate,https://www.instagram.com/reel/DULp4hkguTr/,51.0,1,7.0,2,1868.0,"From ground to glass, Cuervo has been leading the charge in tequila sustainability and we took that story straight to New Orleans 🌱✨

Hit the link in bio to learn more about our sustainability practices!",11:41,0.0,,1926.0,3.27,Educational / Informative,Link in bio,No,,Yes,2.0,35,0.0,No,61
Jose Cuervo,Instagram,2026-02-01,Reel,,Collective,The Craft,,Entertain,https://www.instagram.com/p/DUOaVCUADmg/,,7,,1,11300.0,"On the Cuervo Express, we all 10’s! 🚊🍹✨ @josecuervotequila #cuervopartner #cuervocollective",,,,,,,,,,,,11,,,8
Jose Cuervo,Instagram,2026-02-02,Reel,,Collective,The Craft,,Entertain,https://www.instagram.com/p/DUQ_oQNkTVA/,87.0,9,9.0,1,3400.0,Come DJ the Cuervo Express with me 😎🚂🚂 What an unreal experience!! @josecuervotequila #cuervopartner #cuervocollective,,,,,,,,,,,,15,,,106
Jose Cuervo,Instagram,2026-02-02,Carousel,Brand Heritage / Culture,Cuervo,The Craft,,Educate,https://www.instagram.com/p/DUR5qa1Ddjb/,54.0,0,0.0,2,,"For over 230 years, Cuervo has been bringing people together for the moments that actually matter 🥃✨

Find us out there and be a part of our moments!",21:53,0.0,,3307.0,1.69,Casual / Conversational,,No,,No,2.0,28,0.0,No,56
Jose Cuervo,Instagram,2026-02-06,Reel,,Collective,The Craft,,Entertain,https://www.instagram.com/p/DUbNs6GgIGt/,,21,,1,,Maybe we should get a Cuervo camera crew for the next one? 🎥 @josecuervotequila #cuervocollective #cuervopartner,,,,,,,,,,,,16,,,22
Jose Cuervo,Instagram,2026-02-07,Carousel,Brand Heritage / Culture,Cuervo,The Craft,,Educate,https://www.instagram.com/p/DUeHg8tiYpl/,33.0,1,0.0,1,,"Cuervo proudly repurposes the agave used in our tequila-making process — transforming it into everything from cups and straws to fashion and more.

Learn more about our sustainability practices in the link in our bio 🌱",15:45,0.0,,2538.0,1.42,Educational / Informative,,No,,No,1.0,36,0.0,No,35
Jose Cuervo,Instagram,2026-02-10,Carousel,Event/Activation,Partner,The Front Row,,Entertain,https://www.instagram.com/p/DUlMrQgjNfW/,614.0,21,97.0,13,,"AKAMBA IS COMING SOON…. April 25, 2026

A one-of-a-kind celebration hosted by Cuervo in the heart of Tequila, Mexico. Bringing together culture, sound, and the tequila that’s been at the center of unforgettable moments!

See you in the fields 🎶",09:45,0.0,,28018.0,2.74,Casual / Conversational,,No,,No,1.0,40,0.0,No,745
Jose Cuervo,Instagram,2026-02-13,Reel,,Influencer,The Craft,,Edutain,https://www.instagram.com/p/DUtrqfUEkMu/,1846.0,29,22.0,1,,#CuervoPartner I will never forget this trip with my favorite person 🥹 so much fun spending it with the tequila that invented tequila @josecuervotequila #CuervoExperience,,,,,,,,,,,,25,,,1898
Jose Cuervo,Instagram,2026-02-16,Reel,,Influencer,The Craft,,Edutain,https://www.instagram.com/p/DU0dhkBFhW6/,10100.0,27,295.0,44,,"#CuervoPartner Moments like these are why I do what I do. Went to Mexico with the tequila that invented tequila, @josecuervotequila #CuervoExperience #travel #foryou #fyp",,,,,,,,,,,,25,,,10466
Jose Cuervo,Instagram,2026-02-17,Reel,,Partner,The Front Row,,Entertain,https://www.instagram.com/p/DU3c9hoDIpi/,2307.0,288,1965.0,203,,"El llamado está hecho 🔥Este es nuestro cartel oficial Akamba 2026. Entre agaves infinitos y a las faldas del volcán, bailemos juntxs hasta que amanezca.Nos vemos el 25 de abril. 🌵 Campos de Agave Jose Cuervo📍 Tequila, Jal. MX 🎟️ Entradas en el link de nuestra bio Presentado por:@josecuervotequila @jctradicional Patrocinado por: @banamex @dosequismx @pepsimex @boost_mx Un proyecto de: @achetv @acto.live@ elcubo @ furia  #PrendeAkamba",,,,,,,,,,,,65,,,4763
Jose Cuervo,Instagram,2026-02-17,Reel,,Influencer,The Craft,,Edutain,https://www.instagram.com/p/DU4Gem9kiG4/,179.0,55,8.0,3,,"#cuervopartner one of the most unforgettable experiences in MX, in the birthplace of tequila. we truly felt like family, not only with the brand but with the incredible creators on this trip. 🥹 so grateful to @josecuervotequila for welcoming us into your home 🥃 #cuervoexperience",,,,,,,,,,,,45,,,245
Jose Cuervo,Instagram,2026-02-18,Reel,,Influencer,The Craft,,Edutain,https://www.instagram.com/p/DU6ItbUD6Au/,591.0,26,26.0,5,,"#cuervopartner @josecuervotequila has been family owned for 11 generations, so bringing my mom to Tequila, Mexico was the only call #cuervoexperience",,,,,,,,,,,,21,,,648
Jose Cuervo,Instagram,2026-02-22,Carousel,Product/Lifestyle,Cuervo,The Pulse,,Educate,https://www.instagram.com/p/DVEpuEdDziZ/,91.0,5,14.0,8,,"National Marg Day should really be National *Cuervo Marg Day 👀 we all know who does it best 😏🥃

Drop your go-to below or put us on to your own creation 👇",14:55,0.0,,6323.0,1.88,Casual / Conversational,,No,,No,4.0,32,0.0,No,118
Jose Cuervo,Instagram,2026-02-27,Carousel,Partner,Cuervo,The Front Row,,Entertain,https://www.instagram.com/p/DVSIfV8ja_J/,104.0,7,8.0,3,,"Who should ride with us next?! Let us know in the comments below 👇🏁

As the official tequila of @nascar, we’re not just at the race… we’re turning race days into unforgettable moments ⚡🏎️

@taylor_williams.3 @clarke.y @vincentgigantee",20:34,0.0,,6625.0,1.92,Casual / Conversational,Comment below,Yes,@nascar,No,5.0,37,4.0,No,122
Jose Cuervo,Instagram,2026-03-03,Carousel,Product/Lifestyle,Cuervo,The Ritual,,Convince,https://www.instagram.com/p/DVbS-YNFOQJ/,74.0,2,0.0,3,,"Are you ready to get these summer vibes going?! This is your sign to order a Cuervo marg this weekend 🍹✨

Check out our marg recipes in the link in bio!",09:59,0.0,,6212.0,1.35,Casual / Conversational,Link in bio,No,,No,2.0,31,0.0,No,79
Jose Cuervo,Instagram,2026-03-09,Reel,Partner,Partner,The Front Row,,Entertain,https://www.instagram.com/reel/DVrc-nUDw9M/,50.0,2,11.0,2,3435.0,"Were you at @nascar Daytona?! 🏁 Did you see that finish?!?! Let us know what you thought below 👇🔥

Together we raised a little hell and sparked the moment with @devilsreserve pineapple jalapeño infused tequila and @josecuervotequila!",17:37,0.0,,4739.0,1.77,Casual / Conversational,Comment below,Yes,@nascar,Yes,3.0,37,3.0,No,65
Jose Cuervo,Instagram,2026-03-12,Carousel,Meme/Humor,Cuervo,The Front Row,Especial,Entertain,https://www.instagram.com/p/DVzvUvSDYz3/,110.0,5,9.0,2,,"If you were at @nascar, you already know 🔥Drop a 🏁below if you got under 30 seconds!! 👇#iykyk 

As the official tequila of @nascar, we didn’t just show up, we sparked the moment with Margs in hand!

Daytona hits different with Cuervo 🥃⚡",22:48,0.0,#iykyk,6099.0,2.31,Humorous / Meme,Comment below,Yes,@nascar,No,5.0,43,2.0,No,126
Jose Cuervo,Instagram,2026-03-16,Reel,,Influencer,The Front Row,,Entertain,https://www.instagram.com/p/DV9dv2WiTnF/,434.0,12,7.0,4,28900.0,"#CuervoPartner Race day energy. 200 laps of pressure, one bottle that never folds. Daytona hits different with Cuervo in rotation @josecuervotequila @daytona @nascar #KeepItCuervo #ReadySetCuervo #NASCAR #Daytona500",,,,,,,,,,,,27,,,457
Jose Cuervo,Instagram,2026-03-16,Reel,,Influencer,The Front Row,,Entertain,https://www.instagram.com/p/DV9pOI_CVzU/,152.0,13,11.0,1,12100.0,#CuervoPartner Had a blast hangin around at the @daytona 500 with @josecuervotequila and @nascar #KeepItCuervo #ReadySetCuervo #NASCAR #daytona500,,,,,,,,,,,,18,,,177
Jose Cuervo,Instagram,2026-03-17,Reel,,Cuervo,The Front Row,,Entertain,https://www.instagram.com/reel/DWAe38SEnaC/,38.0,2,7.0,2,2078.0,"Current High Score: 12 seconds! That’s the time to beat 🏁🔥

Our Pit Stop Challenge had Daytona moving FAST! Race against the clock, change the tire, and earn your bragging rights.

Think you’ve got what it takes? Catch us at the next @nascar stop 🥃 Drop what you think your time would be below 👇",21:35,0.0,,2278.0,2.24,Casual / Conversational,,No,,Yes,4.0,55,1.0,No,49
Jose Cuervo,Instagram,2026-03-20,Carousel,,Cuervo,The Ritual,,Entertain,https://www.instagram.com/p/DWIQlgtjG3d/,65.0,1,1.0,2,0.0,"Can you hear festival season calling?? 🤪🔥

The festie Cuervo margs are mandatory! See you out there🍹🎶",22:04,0.0,,7026.0,1.0,Casual / Conversational,,No,,No,4.0,17,0.0,No,69
Jose Cuervo,Instagram,2026-03-23,Reel,,Cuervo,The Front Row,,Entertain,https://www.instagram.com/reel/DWQEr6FiGiU/,101.0,5,43.0,5,4980.0,"Notifications can wait… (don’t let our boss see this 👀)

We’ve got Cuervo cans to crack! 🥃 Tag who you’re opening one with below 🏁",22:54,0.0,,5767.0,2.81,Casual / Conversational,,No,,Yes,3.0,25,0.0,No,154
Jose Cuervo,Instagram,2026-03-30,Reel,,Influencer,The Ritual,,Edutain,https://www.instagram.com/p/DWhcoPfkjwJ/,3431.0,27,48.0,31,83600.0,#CuervoPartner Experience the truth and culture through a sip of @josecuervotequila #CuervoExperience,,,,,,,,,,,,12,,,3537
Jose Cuervo,Instagram,2026-03-31,Reel,,Influencer,The Ritual,,Edutain,https://www.instagram.com/p/DWji6WKjpji/,813.0,28,125.0,11,27500.0,"#CuervoPartner did you know Tequila, MX is a real place?! 🇲🇽 I didn’t until I said YES with @josecuervotequila to a weekend in the motherland 🫶 let 2026 be the year of YES with Cuervo 🎉 #CuervoExperience",,,,,,,,,,,,37,,,977
Jose Cuervo,Instagram,2026-04-07,Reel,,Influencer,The Ritual,,Edutain,https://www.instagram.com/p/DW2KrE4EULM/,641.0,18,8.0,8,18000.0,"#CuervoPartner Said yes to the trip of a lifetime! 🍋‍🟩✈️ Tequila, Mexico with @josecuervotequila was everything from the agave fields, the history, to the people. It’s the Year of Yes with Cuervo and I’m here for it. #cuervoexperience",,,,,,,,,,,,38,,,675
