"Date","Post ID","Network","Post Type","Content Type","Profile","Link","Post","Linked Content","Public Engagements","Reactions","Comments","Shares"
"11/3/2025 3:00 pm","17929849404136125","Instagram","Post","Carousel","drink818","https://www.instagram.com/p/DQm2C2Mklsi/","Happy birthday to our founder kendalljenner üíö Today we raise a glass to you!","","55,690","55,342","348",""
"12/13/2025 10:00 am","18085254881281765","Instagram","Reel","Video","drink818","https://www.instagram.com/reel/DSNThuHEtIH/","Outtakes from the Khloud holiday kitchen. Shop cinnamon roll now on khloudfoods.com (a holiday masterpiece that you don‚Äôt have to bake)","","55,076","54,781","295",""
"12/12/2025 10:00 am","18083816864115761","Instagram","Reel","Video","drink818","https://www.instagram.com/reel/DSKuuFXkkna/","A cozy classic reimagined: cinnamon-inspired 818 cocktails, sweet traditions, and the newest Khloud flavor makes its big debut in a very cinnamon special with Khlo√© & Kendall. Khloud Cinnamon Roll is here. Shop now at khloudfoods.com! ‚ù§Ô∏èüçø","","25,687","25,328","359",""
"11/23/2025 3:00 pm","18085398920058135","Instagram","Post","Carousel","drink818","https://www.instagram.com/p/DRaV6Obkgz9/","Race weekendü•Ç","","23,936","23,754","182",""
"1/20/2026 3:25 pm","18071410628529679","Instagram","Reel","Video","drink818","https://www.instagram.com/reel/DTvsTPpEkuZ/","The 818 + blankstreet Matcha Martini

Video by join_jules 
 
RECIPE:
- 2.0 OZ Matcha Infused Tequila
- 0.25 OZ Honey 
- 0.5 OZ Dry Vermouth

MATCHA INFUSION PREP:
1. Infuse 8 grams of Blank Street Matcha into the tequila bottle.
2. Seal the bottle and refrigerate for at least 2 hours.
3. Strain out the matcha before using the tequila for cocktail prep.

COCKTAIL PREP:
1. Fill a chilled coupe glass with ice and dry vermouth to coat the inside. Set aside.
2. In a mixing glass, combine Matcha-infused tequila and honey. Add ice and stir for 1 minute until well chilled.
3. Discard the ice and any excess vermouth from the coupe glass.
4. Place a large ice cube in the coupe using tongs. Lightly dust the cube with dry matcha powder using a matcha strainer.
5. Strain the chilled cocktail into the prepared coupe over the matcha-dusted ice cube.","","16,677","16,341","336",""
"10/11/2025 10:05 am","17854649322548559","Instagram","Reel","Video","drink818","https://www.instagram.com/reel/DPq-9uiDhqb/","Texas, we're here ü§†

Your perfect tailgate lineup: 818 and Uber Eats","","14,763","14,524","239",""
"10/12/2025 11:26 am","18060441506166693","Instagram","Post","Carousel","drink818","https://www.instagram.com/p/DPttMtGkerf/","Kenny's first tailgate","","12,569","12,396","173",""
"10/14/2025 2:54 pm","18082236535956633","Instagram","Reel","Video","drink818","https://www.instagram.com/reel/DPzOVfgks5W/","Highlights from Tailgate with 818üíö

Where to next?

Video shot by harryhudson and nwiesner","","10,344","10,192","152",""
"10/19/2025 1:00 pm","18082991500812937","Instagram","Post","Carousel","drink818","https://www.instagram.com/p/DP_5e30kfvU/","Your new Saturday uniform is on its way","","8,502","8,204","298",""
"12/11/2025 10:00 am","18396390868192791","Instagram","Reel","Video","drink818","https://www.instagram.com/reel/DSIJ9kgFLT7/","Just in time for the holiday season... a cozy classic reimagined. Tune in tomorrow for Khlo√© and Kendall's holiday special, and the launch of Khloud's newest flavor, Cinnamon Roll! ü•Ç‚òÅÔ∏è","","5,811","5,649","162",""
"10/31/2025 1:31 pm","18084800461798458","Instagram","Post","Carousel","patron","https://www.instagram.com/p/DQe2ksZjhUW/","PATR√ìN XO Cafe is back by popular demand.¬†

#PATRONTequila #PATRONXOCafe #Halloween","","4,758","4,595","163",""
"1/8/2026 3:00 pm","17854692420603713","Instagram","Post","Carousel","donjuliotequila","https://www.instagram.com/p/DTQygjVFMtE/","Don Julio 70 A√±ejo Cristalino just went mini. 100% Blue Weber Agave, now in a 50 mL pour.
.
.
Don Julio 70 A√±ejo Cristalino, ahora en versi√≥n mini. Todo el sabor del 100% agave azul Weber concentrado en un shot de 50 ml.","","4,234","4,119","115",""
"1/30/2026 5:30 pm","17992947563915333","Instagram","Reel","Video","patron","https://www.instagram.com/reel/DUJtHeClfGy/","The process, perfected. We collaborated with the legendary mustard to turn our cork pop into a musical masterpiece. The result? Simply perfect.

#PATRONxGRAMMYS","","4,075","4,017","58",""
"10/11/2025 2:27 pm","18084335866760524","Instagram","Post","Carousel","drink818","https://www.instagram.com/p/DPrdLcREWAi/","Wake up it's game day","","3,991","3,922","69",""
"10/1/2025 2:59 pm","18068999708588010","Instagram","Post","Carousel","drink818","https://www.instagram.com/p/DPRw3HFkq_Q/","Tailgate with 818 Powered by ubereats 

Saturday, October 11th, 9AM - 12PM at happiesthourdal 
¬†
Featuring 818 Tequila, games, and goodies from our friends setactive khloudfoods tower28beauty kyliecosmetics californianaturals waterboycan. Early bird tickets sold out, but join our Happy Hour Channel for exclusive updates closer to the event.","","3,919","3,854","65",""
"12/14/2025 10:00 am","18100871410762830","Instagram","Reel","Video","drink818","https://www.instagram.com/reel/DSNThL5kVaI/","Inspired by the new Khloud Cinnamon Roll popcorn, the Cinna Swirl cocktail is made with warm cinnamon and smooth reposado for a cocktail that feels like dessert reinvented. 

Video by yellowbellykelly 

RECIPE:
- 1.5.OZ Cinnamon-infused 818 Tequila Reposado
- 1 OZ Lemon Juice
- 0.5 OZ Maple Syrup
- 1 Egg White 
- Royal Icing and Cinnamon Sugar (for rim)
‚Ä®PREP:
To make the Cinnamon-Infused Reposado:
1. Pour 1 cup of 818 Reposado into an airtight container with 4 cinnamon sticks.
2. Let sit at room temperature, shaking occasionally, for 4 hours.¬†
3. Strain out the cinnamon sticks.
‚Ä®To make the cocktail:
1. Gently pipe the rim of an upside down rocks glass with royal icing. Sprinkle cinnamon sugar over the iced rim until covered. Let sit, upside down, in the freezer until ready to drink.¬†
2. Combine all cocktail ingredients in a shaker and dry shake vigorously.¬†
3. Add ice and shake until shaker tin is frosty.¬†
4. Fill the prepared rocks glass with a large ice cube.¬†
5. Strain the cocktail into the glass and garnish with a cinnamon stick!","","3,692","3,575","117",""
"12/29/2025 3:00 pm","18084122453515844","Instagram","Post","Carousel","drink818","https://www.instagram.com/p/DS3ClwCEjZl/","How we're ringing in the new yearü•Ç","","3,550","3,473","77",""
"12/4/2025 3:00 pm","18062838602543576","Instagram","Post","Carousel","drink818","https://www.instagram.com/p/DR2qs4QErUp/","Warm from the inside out‚òïÔ∏è

The 818 Peppermint Hot Chocolate: 

RECIPE:
- 3.5 OZ Hot Chocolate¬†
- 1.5 OZ 818 Tequila Reposado
- 0.5 OZ Peppermint Liqueur
- 0.5 OZ Coffee Liqueur
- Mini marshmallows + crushed candy canes for garnish

PREP:
1. Prepare hot chocolate per directions and pour into a heat-safe mug.¬†
2. Add the rest of the cocktail ingredients and gently stir to combine.¬†
3. Top with mini marshmallows and crushed candy canes!","","3,503","3,429","74",""
"11/22/2025 2:17 pm","18367641025082282","Instagram","Reel","Video","drink818","https://www.instagram.com/reel/DRXsFBFEsJH/","An 818 night out in VegasüèÅ","","3,437","3,380","57",""
"10/3/2025 5:44 pm","18086035966910270","Instagram","Post","Carousel","teremana","https://www.instagram.com/p/DPXNXPfDbJm/","From Canada to Los Angeles to New York, we congratulate therock on a ùò¥ùòÆùò¢ùò¥ùò©ùò™ùòØùò® premiere week of thesmashingmachine movie üí•ü•ä

Cheers to the entire cast, crew and a24 team ü•É

A premiere this big calls for something equally bold: The Smashing Margarita.

Smashing Margarita Recipe
¬†¬†¬†¬†‚Ä¢¬†¬†¬†¬†2 oz Teremana Reposado
¬†¬†¬†¬†‚Ä¢¬†¬†¬†¬†1 oz fresh lime juice
¬†¬†¬†¬†‚Ä¢¬†¬†¬†¬†¬æ oz agave nectar
¬†¬†¬†¬†‚Ä¢¬†¬†¬†¬†2‚Äì3 slices fresh jalape√±o

Shake with ice, strain over fresh ice, garnish with a jalape√±o wheel & lime wedge. üî•üçπ","","3,064","2,992","72",""
"12/31/2025 2:23 pm","18124630093537821","Instagram","Reel","Video","drink818","https://www.instagram.com/reel/DS8H3h4kh_o/","Sounds of 2025. See you next year!","","2,976","2,906","70",""
"1/22/2026 10:49 am","18103038010695645","Instagram","Reel","Video","donjuliotequila","https://www.instagram.com/reel/DT0Y7PxDXbQ/","Every party should start with a proper Salud! itsyoungmiko makes sure Druski gets it right before Super Bowl Sunday. Ready Pa‚Äôl Show.
.
.
Cada fiesta comienza con un buen brindis. Por eso, itsyoungmiko se asegura que Druski est√© preparado para el Super Bowl y tenga su ¬°Salud! listo. Ready Pa‚Äôl Show.","","2,937","2,829","108",""
"1/8/2026 4:00 pm","18110191828723578","Instagram","Post","Carousel","drink818","https://www.instagram.com/p/DTQ5bs2knb_/","A√±ejo hour at the cottage","","2,764","2,677","87",""
"12/5/2025 3:00 pm","18294404881302742","Instagram","Post","Carousel","drink818","https://www.instagram.com/p/DR5PffdEteW/","How our cookie crumbles

The 818 Cookie Butter Espresso Martini: 

RECIPE:
- 1 OZ 818 Tequila Reposado
- 0.75 OZ Coffee Liqueur
- 1.5 OZ Coffee or Espresso, Chilled
- 0.75 OZ Hazelnut Liqueur
- 1 TSP Cookie Butter
- 2-3 Speculoos Cookies (for garnish)‚Ä®
PREP:
1. Grind up cookies into a crumbly dust and rim the edge of a martini glass with a thin layer of (unmelted) cookie butter. Roll the edge of the glass in the ground cookies and set aside in the freezer to chill.¬†
2. Combine all remaining ingredients in a shaker tin with plenty of ice. Shake ferociously until the outside of the tin is frosty cold.¬†
3. Strain and serve into chilled rimmed glass. Enjoy with more cookies.","","2,673","2,629","44",""
"1/15/2026 4:00 pm","18088229393009270","Instagram","Post","Carousel","patron","https://www.instagram.com/p/DTi66phCWLO/","Music‚Äôs most iconic night deserves tequila‚Äôs most elegant bottle. PATR√ìN is the official tequila partner of the 2026 GRAMMY Awards.¬†
¬†
#PATRONTequila #PATRONELALTO #PATRONxGRAMMYS","","2,500","2,424","76",""
"1/25/2026 3:01 pm","18059531009643670","Instagram","Post","Carousel","drink818","https://www.instagram.com/p/DT8kHLukjwP/","Snow days with alexandraacastle_","","2,401","2,344","57",""
"11/25/2025 2:00 pm","18075406499217445","Instagram","Post","Carousel","drink818","https://www.instagram.com/p/DRfYpSJktYn/","Table's setüçÇ","","2,382","2,325","57",""
"11/26/2025 12:17 pm","18026716427578361","Instagram","Reel","Video","drink818","https://www.instagram.com/reel/DRhxkv-D4JH/","An 818 Friendsgiving by kenachock","","2,366","2,317","49",""
"12/17/2025 8:03 pm","18080917460332657","Instagram","Post","Carousel","drink818","https://www.instagram.com/p/DSYrw3ZD5rg/","The gift that keeps on givingüíö

Link in bio to stock up on 818 for all of your holiday needs.","","2,347","2,298","49",""
"10/10/2025 7:52 pm","18157074049387127","Instagram","Post","Carousel","drink818","https://www.instagram.com/p/DPpdf__ESIh/","Not from Texas but got here as fast as we could. See you tomorrow Dallasüèà","","2,345","2,280","65",""
"1/20/2026 2:49 pm","18038833781726516","Instagram","Post","Carousel","donjuliotequila","https://www.instagram.com/p/DTvtQEClHSB/","The story of Don Julio began in 1942, the Year of the Horse.

This Lunar New Year, we celebrate its return with a capsule collection in collaboration with siegelmanstable, with 10% of proceeds supporting taaforg.
Join the waitlist at the link in bio.
.
.
La historia de Don Julio comenz√≥ en 1942, en el A√±o del Caballo.¬†

En este A√±o Nuevo Lunar, celebramos su regreso con una colecci√≥n exclusiva en colaboraci√≥n con siegelmanstable. El 10% de las ventas apoyar√°n a taaforg. √önete a la lista de espera en el link en bio.","","2,077","2,027","50",""
"12/23/2025 3:00 pm","17870979483494408","Instagram","Reel","Video","drink818","https://www.instagram.com/reel/DSnl1z2j1xw/","What we're making for the holidays: The 818 Pistachi-ho-ho-ho

Video by yellowbellykelly 
‚Ä®RECIPE:
- 1.5 OZ 818 Tequila Blanco
- 2 OZ Creme de Cacao 
- 1 OZ Pistachio Milk + extra for frothing
- Dark Chocolate for garnish 

PREP:
1. In a cocktail shaker with ice, combine all ingredients and shake until frosty.
2. Strain in a rocks glass with a large cube.¬†
3. Using a milk frother or immersion blender, froth extra pistachio milk until it forms a thick foam.
4. Spoon onto strained drink.¬†
5. Shave chocolate directly on top to garnish.","","2,029","1,958","71",""
"1/22/2026 3:57 pm","17941565486983515","Instagram","Reel","Video","drink818","https://www.instagram.com/reel/DT08CnmEoYU/","818 Chamomile Hot Toddy üçã

RECIPE: 
- 1.5 OZ Chamomile-Infused 818 Tequila Reposado
- 0.75 OZ Honey Syrup
- 1 Dash Angostura Bitters
- 4 OZ Boiling Water
- 2 Lemon Wedges
- Cinnamon Stick

For the Chamomile-Infused Tequila:
1. Combine 5 grams of chamomile flowers (or three bags of chamomile tea) and 25 oz of 818 Reposado (1 bottle).
2. Let sit for 1-2 hours, stirring occasionally.
3. Strain through a coffee filter, discarding the solids.

For the Cocktail:
1. Squeeze the lemon wedges into a heat-safe mug or glass, then add in remaining ingredients except for the boiling water.
2. Carefully pour in the boiling water, and garnish with fresh lemon wedges and a cinnamon stick.","","2,007","1,942","65",""
"12/6/2025 3:00 pm","17984412230927111","Instagram","Reel","Video","drink818","https://www.instagram.com/reel/DR70RPAEjt5/","The 818 Maple Hot Toddy

Video by yellowbellykelly 
‚Ä®RECIPE:
- 4 OZ 818 Tequila Reposado
- 1 OZ Lemon Juice
- 1 OZ Maillard Liqueur¬†or Bourborn Oat Cream
- 1 OZ Maple Syrup
- 2 Cups Water¬†
- 4 Cinnamon Sticks¬†

PREP:
1. Combine all ingredients except tequila and heat on the stovetop until fragrant. Strain and set aside.
2. Pour tequila into heat-safe mugs and top with the remaining liquid.
3. Garnish with cinnamon sticks!

*Serves 2*","","1,944","1,895","49",""
"1/26/2026 1:17 pm","18081860320987685","Instagram","Reel","Video","casamigos","https://www.instagram.com/reel/DT-7w1aAQue/","#ad On the ground at the Sundance Film Festival with Casamigos Correspondent notskinnybutnotfat 
¬†
Enjoy responsibly. Diageo New York, NY. Don‚Äôt share with anyone under 21 years old.","","1,903","1,843","60",""
"12/22/2025 12:00 pm","17884461537306475","Instagram","Post","Carousel","drink818","https://www.instagram.com/p/DSksb97FNSx/","Minty and Merry: The 818 Peppermint Mocha Espresso Martini 

RECIPE:
- 1.5 OZ 818 Tequila Reposado
- 1.25 OZ Espresso
- 0.75 OZ Coffee Liqueur 
- 0.25 OZ Peppermint Schnapps
- 1 TSP Hot Chocolate Mix
- 3 Dashes Chocolate Bitters
- Chocolate Sauce
- Peppermint Stick
- Ice

PREP: 
1. Garnish the inside of a chilled martini glass with a chocolate sauce drizzle
2. In a blender with ice, combine all ingredients and blend.
3. Pour into the chilled martini glass.
4. Garnish with a soft peppermint stick or candy cane.","","1,847","1,801","46",""
"12/18/2025 12:00 pm","18383206861145978","Instagram","Post","Carousel","drink818","https://www.instagram.com/p/DSaZP1YlIso/","The 818 Mini Bag Charm Set is back - just in time for the holidays. Buy 4 50ml Minis, and get The 818 Mini Bag Charm for free, only on Gopuff.

Link in bio to shop now!

Gift with purchase on select SKUs only. While supplies last. Must be 21+.","","1,831","1,750","81",""
"1/28/2026 3:11 pm","18082121504184278","Instagram","Post","Carousel","donjuliotequila","https://www.instagram.com/p/DUETtl4lHKP/","Small in size, big on smoothness‚Äî70 A√±ejo Cristalino Minis are ready for their close-up.
.
.
Peque√±os en tama√±o pero con una suavidad imperdible: 70 A√±ejo Cristalino Minis est√°n listos para ser el centro de atenci√≥n.","","1,816","1,763","53",""
"11/21/2025 5:22 pm","18077299856464084","Instagram","Reel","Video","drink818","https://www.instagram.com/reel/DRVciJEEnkk/","üìçMaking a pit stop","","1,761","1,726","35",""
"10/10/2025 3:46 pm","18147950704413040","Instagram","Reel","Video","drink818","https://www.instagram.com/reel/DPpA_2cktjW/","On our wayüß°‚ù§Ô∏è

See you tomorrow at Tailgate with 818 Powered by Uber Eats at happiesthourdal. Join us for 818 cocktail specials and free goodies. 

Please expect lines and get there early! Doors open at 9AM. Happiest Hour is allowing the first 100 guests in line without tickets free entry.","","1,717","1,654","63",""
"12/30/2025 6:23 pm","17852193963608517","Instagram","Post","Carousel","drink818","https://www.instagram.com/p/DS5-op8kiJz/","A look back at 2025ü•Ç","","1,700","1,623","77",""
"1/21/2026 11:00 am","17990239418755309","Instagram","Reel","Video","donjuliotequila","https://www.instagram.com/reel/DTx1b9GESRG/","Super Bowl LX is coming. See how itsyoungmiko is getting druski ready Pa‚Äôl Show on 2.8.26. ¬øListos?
.
.
El Super Bowl LX se acerca. Ve como itsyoungmiko prepara a druski Pa‚Äôl Show este 8.2.26. ¬øListos?","","1,671","1,637","34",""
"10/21/2025 1:00 pm","18023499806581561","Instagram","Post","Carousel","drink818","https://www.instagram.com/p/DQFDI3fkbAS/","The Playbook by SET + 818

Dropping 10.22 @ 10AM PST / 1PM EST","","1,661","1,626","35",""
"10/18/2025 1:00 pm","18087988759908378","Instagram","Reel","Video","drink818","https://www.instagram.com/reel/DP9UwTxkdMi/","We‚Äôre getting in the spirit 

Join our community channels to be the first to know when the collection officially drops üëÄ","","1,657","1,398","259",""
"11/25/2025 5:46 pm","17988727709910256","Instagram","Reel","Video","donjuliotequila","https://www.instagram.com/reel/DRfyih2AmkY/","From agave fields to glass, through the lens of Meta Ray-Bans. 100% Blue Weber Agave, since 1942.

.

.

Desde el campo de agave hasta la copa, a trav√©s del lente de Meta Ray-Ban. 100% agave azul weber, desde 1942.","","1,642","1,592","50",""
"11/12/2025 3:00 pm","18082275662094199","Instagram","Reel","Video","drink818","https://www.instagram.com/reel/DQ-BJ3sEqHf/","Cozy up this fall with The 818 Hot Toddy

Video by emlamperti 

RECIPE:
- 1.5 OZ Chamomile-Infused 818 Tequila Reposado
- 0.75 OZ Honey Syrup
- 1 Dash Angostura Bitters
- 4 OZ Boiling Water
- 2 Lemon Wedges
- Cinnamon Sticks‚Ä®
PREP:
For the Chamomile-Infused Tequila:
1. Combine 5 grams of chamomile flowers (or three bags of chamomile tea) and 25 OZ of 818 Reposado (1 bottle).
2. Let sit for 1-2 hours, stirring occasionally.¬†
3. Strain through a coffee filter, discarding the solids.¬†

For the Cocktail:
1. Squeeze the lemon wedges into a heat-safe mug or glass, then add in remaining ingredients except for the boiling water.¬†
2. Carefully pour in the boiling water, and garnish with fresh lemon wedges and a cinnamon stick.","","1,633","1,549","84",""
"12/22/2025 7:00 pm","17899098414203859","Instagram","Post","Carousel","drink818","https://www.instagram.com/p/DSlcbRxEjVi/","Season of cheersü•Ç","","1,575","1,537","38",""
"11/10/2025 3:00 pm","18536939860005487","Instagram","Post","Carousel","drink818","https://www.instagram.com/p/DQ495avkpdV/","Fall in full swing","","1,556","1,518","38",""
"1/7/2026 3:00 pm","18164115139395159","Instagram","Post","Carousel","drink818","https://www.instagram.com/p/DTONwzGj1Zm/","Snowy season","","1,538","1,492","46",""
"1/27/2026 3:41 pm","17960456991033233","Instagram","Post","Carousel","drink818","https://www.instagram.com/p/DUByXPekhWG/","Our winter vibe","","1,505","1,454","51",""
"1/13/2026 3:00 pm","18124203271537022","Instagram","Post","Carousel","donjuliotequila","https://www.instagram.com/p/DTdqfrzFGqe/","Mexico‚Äôs beloved tequila landed at the biggest EDM festival in South East Asia, djakartawarehouseproject. Swipe to see how Don Julio turned up from day to night.¬†
.
.
El tequila m√°s amado de M√©xico lleg√≥ al festival de m√∫sica electr√≥nica m√°s grande del Sudeste Asi√°tico: djakartawarehouseproject. Dale swipe para ver c√≥mo Don Julio marc√≥ su presencia de d√≠a y de noche.","","1,472","1,449","23",""
"1/27/2026 10:36 am","18112669156715180","Instagram","Reel","Video","donjuliotequila","https://www.instagram.com/reel/DUBPRorjfgt/","druski came in on 10. The OGs said ‚Äúbet.‚Äù Ficha por ficha. He‚Äôs Ready Pa‚Äôl Show.
.
.
druski entr√≥ con diez y los pros dijeron ‚Äúrespeto‚Äù. Ficha por ficha, est√° m√°s Ready Pa‚Äôl Show.","","1,463","1,415","48",""
"10/9/2025 11:47 am","18140526733443742","Instagram","Reel","Video","drink818","https://www.instagram.com/reel/DPmA5imEX2Z/","Gearing up for Game Day.

happiesthourdal : Tailgate with 818 Powered by Uber Eats. Saturday, October 11th, 9AM - 12PM. Featuring 818 Tequila, games, and goodies from our friends setactive khloudfoods tower28beauty kyliecosmetics californianaturals waterboycan .

Get there early. Happiest Hour is allowing the first 100 guests in line without tickets complimentary entry.

Stock up on 818 for the weekend at ubereats , totalwine , and specs1962","","1,424","1,370","54",""
"12/24/2025 3:00 pm","18073259408595729","Instagram","Post","Carousel","drink818","https://www.instagram.com/p/DSqKliekp6l/","Milk and Cookies, the 818 way

RECIPE:
- 1.5 OZ 818 Tequila Reposado¬†
- 0.75 OZ Fresh Lemon Juice
- 0.5 OZ Vanilla Liqueur¬†
- 0.25 OZ Orgeat
- 1.0 OZ Whole Milk
- Icing + Sprinkles for glass¬†

PREP:
1. Rim a glass with icing + sprinkles. Put aside in the fridge to set.
2. Combine all ingredients except milk in a mixing glass.¬†
3. In another mixing glass, pour the milk.¬†
4. Pour the cocktail mixture on top of the milk, allowing it to curdle.¬†
5. Strain the combined mixture through a coffee filter; if the resulting liquid is cloudy, pour the mixture through the filter again.¬†
6. Pour clear cocktail over a large ice cube and serve in a rocks glass.","","1,402","1,368","34",""
"11/18/2025 5:16 pm","18035517194511966","Instagram","Post","Photo","patron","https://www.instagram.com/p/DRNtkniDlLh/","Agave, water, and time. No shortcuts. No extras.
¬†
#PATRONTequila #PatronReposado","","1,377","1,354","23",""
"1/10/2026 3:00 pm","18405371104193008","Instagram","Post","Carousel","drink818","https://www.instagram.com/p/DTV8E_FkhNX/","Warm up with the 818 Orange Rosemary Hot Toddy","","1,320","1,258","62",""
"11/5/2025 3:02 pm","18103681462712995","Instagram","Post","Carousel","drink818","https://www.instagram.com/p/DQr_13Hkktc/","Meet your new fall favorite: The 818 Pumpkin Pie Espresso Martini","","1,294","1,258","36",""
"11/26/2025 9:07 am","18121450114526782","Instagram","Reel","Video","patron","https://www.instagram.com/reel/DRhbyRSjsR8/","Bring more of what every gathering needs more of: the heat. 

The PATR√ìN Reposado Spicy Margarita is the perfect cocktail for your Thanksgiving celebration, crafted with smooth Reposado, jalape√±o, lime, and agave.

2 oz PATR√ìN Reposado
1 oz Fresh Lime Juice
1 oz Agave Syrup
3 Seedless Jalape√±o Slices
+Tajin Rim
+Lime Wheel for Garnish

#PATRONTequila #PatronReposado #Thanksgiving","","1,290","1,266","24",""
"10/9/2025 7:06 pm","17850974211563415","Instagram","Post","Carousel","drink818","https://www.instagram.com/p/DPmzhqUEgMT/","The 818 Lineup: Brand Ambassador Class of 2025","","1,224","1,190","34",""
"10/15/2025 5:24 pm","17873303355350388","Instagram","Reel","Video","drink818","https://www.instagram.com/reel/DP2D2lEEqrP/","Tailgating is a team sport","","1,216","1,145","71",""
"11/24/2025 5:34 pm","17916011040218615","Instagram","Post","Photo","patron","https://www.instagram.com/p/DRdMUoVjkZz/","100% Blue Weber Agave tequila, no sweeteners included.
¬†
#PATRONTequila","","1,191","1,177","14",""
"1/22/2026 4:00 pm","18091245331956069","Instagram","Post","Carousel","patron","https://www.instagram.com/p/DT08ejkj8bX/","Top shelf trophies deserve top shelf tequila. 

Celebrate music‚Äôs most iconic night with the PATR√ìN Silver High Note or the PATR√ìN Cristalino Clear Winner. And make sure to tune in to the grammys on Sunday, February 1st.
 
#PATRONCRISTALINO #PATRONSILVER #PATRONxGRAMMYS","","1,182","1,163","19",""
"1/26/2026 5:36 pm","18091299649994878","Instagram","Post","Carousel","drink818","https://www.instagram.com/p/DT_asy4Er75/","A closer look inside The 818 Chamomile Hot Toddy","","1,165","1,111","54",""
"12/8/2025 5:10 pm","18109058233722440","Instagram","Post","Carousel","donjuliotequila","https://www.instagram.com/p/DSBMz1zlATx/","Every day at Don Julio, we honor our founder‚Äôs vision by crafting high-quality tequila with 100% Blue Weber Agave. From M√©xico, con amor. 

üì∑ rodrigo.esteva 
.
.
Cada d√≠a en Don Julio, honramos la visi√≥n de nuestro fundador al producir tequila 100% agave azul weber y de alta calidad. De M√©xico, con amor.","","1,158","1,147","11",""
"12/17/2025 3:00 pm","18088840414959270","Instagram","Reel","Video","drink818","https://www.instagram.com/reel/DSYJAoTFI2W/","Introducing the Brown Butter Miso Espresso Martini ‚Äî a special collaboration with bouquet_infusions 

Two female-founded brands that put flavor first. 

Video by yellowbellykelly 

RECIPE:
- 1.5 OZ 818 Tequila Reposado
- 0.75 OZ Bouquet Brown Butter Caramel Infusion 
- 1.25 OZ Espresso
- 0.75 OZ Coffee Liqueur¬†
- 0.25 TSP White Miso

PREP:
1. In a cocktail shaker, combine all ingredients and whisk until the miso is dissolved.
2. Add ice and shake until frosty + cold.¬†¬†
3. Strain and pour into martini glass.","","1,140","1,086","54",""
"12/26/2025 4:45 pm","17867809686436765","Instagram","Post","Carousel","patron","https://www.instagram.com/p/DSvgMwfifPS/","We stand out, clearly.¬†PATR√ìN is made with no sweeteners. 100% Blue Weber Agave, water and time.
¬†
#PATRONTequila #PATRONSilver #PATRONCristalino","","1,107","1,094","13",""
"12/29/2025 12:00 pm","17898716631359765","Instagram","Post","Carousel","donjuliotequila","https://www.instagram.com/p/DS2t9jijWiJ/","Closing out 2025 with a bang‚Äîand with tequila. Here‚Äôs to the new year ahead.
.
.
Terminamos el 2025 a lo grande y con buen tequila. Salud por el A√±o Nuevo.","","1,091","1,066","25",""
"10/2/2025 3:03 pm","18053406650275339","Instagram","Post","Carousel","drink818","https://www.instagram.com/p/DPUWHmoksxe/","The 818 Lineup: Brand Ambassador Class of 2025","","1,054","982","72",""
"10/15/2025 4:27 pm","17922476208159545","Instagram","Post","Photo","patron","https://www.instagram.com/p/DP1-ARaEpgL/","Introducing the PATR√ìN Citrus Circuit, the official cocktail of the Circuit of Americas.

PATR√ìN Silver, some limeade, orange seltzer and a lime wheel come together for a cocktail that‚Äôs smoother than a pit stop.

#PatronTequila #PatronCitrusCircuit #COTA","","1,046","1,035","11",""
"12/25/2025 9:21 am","18076126886586366","Instagram","Reel","Video","teremana","https://www.instagram.com/reel/DSsIgivDWKr/","Spreading Christmas Cheers","","999","976","23",""
"11/20/2025 12:00 pm","18158334826397692","Instagram","Reel","Video","drink818","https://www.instagram.com/reel/DRSnkvEFPfu/","Staying warm this season with 818 Repo","","966","934","32",""
"12/17/2025 4:55 pm","18075711932225984","Instagram","Post","Carousel","patron","https://www.instagram.com/p/DSYWKfOjCsR/","When the crown fits, wear it.

#PATRONTequila #PATRONELALTO","","966","953","13",""
"11/2/2025 3:00 pm","18055093877302634","Instagram","Reel","Video","drink818","https://www.instagram.com/reel/DQkRSe1j410/","Fall moments ahead","","938","922","16",""
"11/28/2025 3:23 pm","18122019373472489","Instagram","Reel","Video","espolontequila","https://www.instagram.com/reel/DRnQbkDkre3/","Some bring gifts. We bring margarita bars.

eltragodeldia mixed up a big batch - bright, simple, and made the right way con Espol√≤n! Salud to the season. ü•Ç‚ú®

Recipe:
2 oz Espol√≤n Tequila Blanco
2 oz batch mix (1:1 triple sec + fresh lime juice)
1 oz passion fruit syrup
2 slices jalape√±o
Chamoy + Taj√≠n rim

Shake with ice, strain over fresh ice, garnish with lime + jalape√±o.
#ad #EspolonPartner","","934","899","35",""
"10/21/2025 6:00 pm","18083917717802866","Instagram","Post","Carousel","drink818","https://www.instagram.com/p/DQFsTC6El3d/","Down SET Hikeüèà

The Playbook. Dropping tomorrow @ 10AM PST / 1PM EST. Join our community channel to be the first to know when the collection drops.","","927","890","37",""
"1/21/2026 7:26 pm","18009932177665924","Instagram","Post","Carousel","drink818","https://www.instagram.com/p/DTyvQSOgddn/","Our kind of cozy season","","901","865","36",""
"12/24/2025 5:05 pm","17959994153887103","Instagram","Post","Photo","patron","https://www.instagram.com/p/DSqY9aYDqIG/","Good taste isn‚Äôt wrapped in paper, it‚Äôs poured over ice.¬†
¬†
#PATRONTequila #PATRONELALTO","","893","887","6",""
"11/30/2025 3:00 pm","18061747529213416","Instagram","Reel","Video","drink818","https://www.instagram.com/reel/DRsC5GcCbeD/","The first ever 818 Holiday Surprise Box dropping tomorrow at 12PM ET. Inside the surprise box, you‚Äôll find 818 favorites from our merch vault‚Äîhand-selected to make your holidays a little more spirited.üéÅ

Join our Happy Hour Community Channel for first access to the drop. You won‚Äôt want to miss this!","","889","843","46",""
"1/23/2026 2:16 pm","18087987602025798","Instagram","Post","Carousel","donjuliotequila","https://www.instagram.com/p/DT3Va9XFE5u/","Ring in Lunar New Year with Don Julio 1942. Six signature cocktails crafted by renowned mixologists across Asia.

thanachot_lo, World Class ‚Äò25 Thailand winner¬†¬†
lokcheung_, Bar Manager at COA Hong Kong
litonglttt World Class China ‚Äò24 judge¬†
hsukepau, World Class ‚Äò23 Champion¬†
tryson.quek, World Class ‚Äò25 Singapore¬†
winner¬†¬†
ralph_allen_santos, World Class¬†
‚Äò25 Philippines winner
.
.
Celebra el A√±o Nuevo Lunar con Don Julio 1942. Seis c√≥cteles de autor, creados por los mejores bartenders en Asia.","","883","870","13",""
"1/28/2026 1:17 pm","17890215390288477","Instagram","Reel","Video","casamigos","https://www.instagram.com/reel/DUEGXFMjjTb/","#ad From Main Street to margaritas - we took over Park City during the Sundance Film Festival.
Anything Goes With My Casamigos, with Casamigos Correspondent notskinnybutnotfat

Enjoy responsibly. Diageo New York, NY. Don't share with anyone under 21 years old.","","879","855","24",""
"10/24/2025 2:27 pm","18343410781200349","Instagram","Post","Carousel","patron","https://www.instagram.com/p/DQM7feFDgDu/","Photo finish üèÅ
Cheers to everyone who celebrated with a PATR√ìN Citrus Circuit at cota_official last weekend. 

#PATRONTequila #PATRONCitrusCircuit #COTA","","875","864","11",""
"12/9/2025 3:00 pm","18426036181118288","Instagram","Post","Carousel","patron","https://www.instagram.com/p/DSDisadiYZQ/","Share a bottle of PATR√ìN this holiday season.

#PATRONTequila","","874","862","12",""
"11/1/2025 2:59 pm","18025249916757414","Instagram","Reel","Video","drink818","https://www.instagram.com/reel/DQhkzGuEn0K/","Fireside with 818 Reposado","","866","841","25",""
"12/16/2025 4:29 pm","18540306316047806","Instagram","Reel","Video","drink818","https://www.instagram.com/reel/DSVuaEVEo_1/","The 818 Dirty-Chai Tini by mariiismith 

COCKTAIL RECIPE:
- 3 OZ 818 Tequila Reposado
- .25 OZ Agave Syrup
- 1/3 Cup Chai Tea, cooled
- 1/3 Cup Coffee or Espresso, cooled
- 1 OZ Milk or Milk Substitute (oat or coconut milk)
- Cocoa Powder, unsweetened, (garnish)

SPICED WHIP RECIPE:
- 1/3 Cup Heavy Cream
- 1/4 TSP Ground Cinnamon
- 1/8 TSP Ground Cardamom
- 1/8 TSP Ground Ginger
- 2 TBSP Confectioners Sugar

SPICED WHIP PREP:
1. In a chilled bowl with an electric mixer, combine ingredients and mix together until stiff peaks form.¬†

COCKTAIL PREP:¬†
1. Combine all ingredients into a shaker tin filled with ice.
2. Shake vigorously until the outside of the tin is frosty cold.¬†
3. Strain, top with spiced whip and dust with cocoa powder.","","849","814","35",""
"1/1/2026 12:00 pm","18185809219349270","Instagram","Reel","Video","donjuliotequila","https://www.instagram.com/reel/DS-cUgFkWKK/","From launch parties to catwalks and the biggest cultural events of the year, 2025 was filled with good times and extraordinary tequila. Where will Don Julio go next in 2026?
.
.
Desde fiestas de lanzamiento a las pasarelas y los eventos culturales m√°s importantes del a√±o, 2025 estuvo lleno de buenos momentos y excelente tequila. ¬øA d√≥nde ir√° Don Julio en el 2026?","","839","818","21",""
"11/27/2025 12:22 pm","17881226946423162","Instagram","Reel","Video","drink818","https://www.instagram.com/reel/DRkXADmDwwP/","Happy Thanksgiving from our 818 family to yoursüíö","","830","792","38",""
"1/13/2026 4:00 pm","18092318678479062","Instagram","Post","Carousel","patron","https://www.instagram.com/p/DTdxU3OD8B-/","You can‚Äôt miss the sophisticated taste of Silver.

#PATRONTequila #PATRONSilver","","823","813","10",""
"11/28/2025 3:01 pm","18387155050150140","Instagram","Reel","Video","casamigos","https://www.instagram.com/reel/DRnODm1jpUb/","Because post-Friendsgiving catch-ups deserve Casamigos.","","806","802","4",""
"10/29/2025 8:30 pm","18044294336447125","Instagram","Post","Carousel","patron","https://www.instagram.com/p/DQac99gga0G/","Now that‚Äôs how it‚Äôs done.¬†We had an amazing time at the race celebrating all things üèéÔ∏è üèÅwith the PATR√ìN Pit Stop.

#PATRONTequila #PatronCristalino","","800","781","19",""
"1/2/2026 5:10 pm","18087049681841690","Instagram","Post","Carousel","patron","https://www.instagram.com/p/DTBkoakCXL1/","A fresh cocktail for a fresh start. The Cucumber-Coconut Margarita, designed with balance in mind.

1 oz PATR√ìN Silver Tequila 
2 oz Coconut water
.75 oz Fresh lime juice
.75 oz Simple syrup
7 Thin slices of cucumber, 3 for garnish

#PATRONTequila #PATRONMargarita","","789","777","12",""
"1/6/2026 5:30 pm","17923655346207255","Instagram","Post","Carousel","patron","https://www.instagram.com/p/DTL6DW1CVL0/","Some things get clearer with age‚ÄìCristalino is one of them. Each batch begins as A√±ejo before being triple filtered without any sweeteners to achieve its crystal clear nature.

#PATR√ìNTequila #PATR√ìNCristalino","","781","771","10",""
"12/31/2025 4:05 pm","18070469954456888","Instagram","Reel","Video","patron","https://www.instagram.com/reel/DS8TFJOiRbC/","Ring in the New Year with the elevated taste of PATR√ìN EL ALTO. 

#PATRONTequila #PATRONELALTO #NYE","","777","769","8",""
"11/7/2025 1:53 pm","18068765225582667","Instagram","Post","Photo","patron","https://www.instagram.com/p/DQxBmyqiS0Y/","This PATR√ìN pour took 12 months in the making. It‚Äôs smooth, sweet, and right on time.
¬†
#PATRONTequila #PATRONA√±ejo","","757","752","5",""
"11/21/2025 4:00 pm","17862311136532746","Instagram","Reel","Video","donjuliotequila","https://www.instagram.com/reel/DRVTLvkD9Mt/","1942 Minis touched down in Tokyo. Our exclusive launch party took beats, pours, and vibes to the next level.
.
.
Las Minis de 1942 llegaron a Tokio, donde no faltaron las vibras, beats y tragos en nuestra fiesta de lanzamiento.","","739","734","5",""
"1/20/2026 4:01 pm","18101058064863848","Instagram","Post","Photo","patron","https://www.instagram.com/p/DTvy_W9idfL/","This awards season, PATR√ìN is raising the bar. Celebrate music‚Äôs most iconic night with The Golden Record ‚Äì the Official Cocktail of the 2026 grammys and watch along on Sunday, February 1st.¬†¬†
¬†
1.5 oz PATR√ìN El ALTO
1 oz Martini & Rossi Prosecco
.5 oz Fino Sherry Tio Pepe
2 oz Pear Cordial
Dash of Bergamot Bitters
¬†
The perfect way to enjoy PATR√ìN is responsibly. www.responsibility.org ¬©2026. PATR√ìN EL ALTO, its trade dress and the bee logo are trademarks. Handcrafted in Mexico. Imported by the PATR√ìN Spirits Company, Coral Gables, FL. Tequila ‚Äì 40% alc. by vol.

#PATRONELALTO #PATRONxGRAMMYS","","731","720","11",""
"10/20/2025 4:55 pm","18096501709834043","Instagram","Reel","Video","patron","https://www.instagram.com/reel/DQCycwYjiln/","What a weekend in Austin. Did you try the Citrus Circuit, the official drink of cota_official?

#PATRONTequila #PATRONCitrusCircuit #COTA","","710","692","18",""
"10/17/2025 7:01 pm","18055885448259677","Instagram","Reel","Video","patron","https://www.instagram.com/reel/DP7ZECjkpMh/","Introducing the Patr√≥n Citrus Circuit. The official drink of cota_official Stop by at the Patr√≥n Hacienda for a pit stop during race weekend. 

#PATRONTequila #PATRONCitrusCircuit #COTA","","709","695","14",""
"11/29/2025 4:35 pm","18081918767104371","Instagram","Post","Carousel","patron","https://www.instagram.com/p/DRp9nvsiVnt/","PATR√ìN A√±ejo‚Äîaged to perfection for a smoky finish.

#PATRONTequila #PATRONReposado","","676","669","7",""
"12/15/2025 5:00 pm","18086586272486906","Instagram","Post","Photo","patron","https://www.instagram.com/p/DSTNJAajhT1/","We‚Äôve reimagined what A√±ejo can be with PATR√ìN Cristalino-a wood charcoal-filtered tequila that‚Äôs smooth tasting, and crystal clear.
¬†
#PATRONTequila #PATRONCristalino","","674","666","8",""
"10/17/2025 3:05 pm","18148528813426840","Instagram","Reel","Video","casamigos","https://www.instagram.com/reel/DP6-E-YARA3/","Your haunted happy hour awaits üëª
¬†
SPOOKY-RITA
1.5 oz. Casamigos Blanco Tequila
.75 oz. Fresh Blood Orange Juice
.5 oz. Fresh Lime Juice
.25 oz. Simple Syrup
1 Pinch Cinnamon
¬Ω Thick Rim Black Lava Salt/Sugar 2:1 Ratio
Garnish Dehydrated Blood Orange Wheel + Rosemary Sprig (Suggest dipping in edible gold dust)
¬†
Wet ¬Ω rim of glass with orange slice and dip into salt mixture. Combine all ingredients into a tin shaker, then add ice, shake vigorously and strain into a rimmed rocks glass. Add fresh ice (suggest pebble/crushed) and garnish.","","672","656","16",""
"12/1/2025 12:00 pm","17850031563566732","Instagram","Reel","Video","drink818","https://www.instagram.com/reel/DRunxInlKHu/","The 818 Holiday Surprise Box is now SOLD OUT. Join our Happy Hour Community Channel for exclusive access to future merch drops.","","661","609","52",""
"10/30/2025 5:20 pm","17977837508928210","Instagram","Post","Carousel","drink818","https://www.instagram.com/p/DQcr-3VEh1c/","Cheers to fall","","644","629","15",""
"1/21/2026 3:30 pm","17861315010510824","Instagram","Post","Carousel","casamigos","https://www.instagram.com/p/DTyUWB7FR5O/","Next stop, Park City üé¨‚ùÑÔ∏è","","633","604","29",""
"12/29/2025 5:15 pm","18552798664009617","Instagram","Post","Photo","patron","https://www.instagram.com/p/DS3SDh0iX5o/","This holiday season, deck the shelf with top shelf tequila‚ÄîPATR√ìN, made with agave, water and time.¬†¬†¬†

#PATRONTequila #PATRONSilver #PATRONReposado #PATRONCristalino","","625","619","6",""
"10/31/2025 3:15 pm","17920767786179573","Instagram","Post","Carousel","drink818","https://www.instagram.com/p/DQfCh1kEh2g/","Happy Halloween!üß°

Celebrate with the Maple Dream and find more spooky sips at drink818.com","","623","603","20",""
"10/14/2025 4:03 pm","18330044251229493","Instagram","Post","Carousel","teremana","https://www.instagram.com/p/DPzWfIfkQpO/","From the agave fields to your glass üåø

For over 10,000 years, agave has symbolized strength, creativity, and culture across Mesoamerica.

This Hispanic Heritage Month, we honor its deep roots ‚Äî and those who‚Äôve kept its spirit alive. Salud! ü•É","","622","610","12",""
"1/27/2026 6:51 pm","18250993372291006","Instagram","Post","Photo","patron","https://www.instagram.com/p/DUCIBCiFsrO/","Celebrate the best in music with the best of tequila. 

PATR√ìN is the official tequila partner of the GRAMMY Awards. 

#PATRONxGRAMMYS #PATRONELALTO","","620","613","7",""
"10/8/2025 1:53 pm","17942683212062535","Instagram","Reel","Video","espolontequila","https://www.instagram.com/reel/DPjqXKskj1L/","CDMX GRWM, but¬†made better with¬†Espol√≤n. Luz had the playlist, we brought the margaritas.

#espolontequila #Ad21 #drinkresponsibly","","616","592","24",""
"11/26/2025 12:44 pm","17873943948372535","Instagram","Post","Carousel","donjuliotequila","https://www.instagram.com/p/DRh0zVvD5fU/","Things you need for the perfect toast? Tequila and thoughtful words. Swipe to fill in the blanks ahead of the holidays, and send to your friend who‚Äôs hosting. ¬°Salud!
.
.
Cosas que necesitas para el brindis perfecto: un tequila y las palabras adecuadas. Desliza para escribir las palabras que faltan en cada brindis, y comp√°rtelo con tu anfitri√≥n favorito. ¬°Salud!","","611","602","9",""
"1/23/2026 2:35 pm","17966428283974861","Instagram","Reel","Video","espolontequila","https://www.instagram.com/reel/DT3XkLZEj3f/","Fresh juice. Bright flavors. No shortcuts.
eltragodeldia shows how his perfect Paloma starts (and ends) with Espol√≤n.¬†üêìüçã‚Äçüü©
‚Äç
Recipe
2 oz Espol√≤n Blanco
2 oz fresh grapefruit juice
1 oz fresh lime juice
0.5 oz agave syrup
Grapefruit soda to top
Black salt rim
Shake with ice, strain over ice, top with soda, garnish with grapefruit and lime.
#ad #EspolonPartner","","608","594","14",""
"1/29/2026 4:01 pm","18091701559818754","Instagram","Reel","Video","patron","https://www.instagram.com/reel/DUG-GouDCrT/","The signature cork pop is coming. Stay tuned. mustard #PATRONxGRAMMYS","","592","563","29",""
"1/12/2026 5:03 pm","17951992805931564","Instagram","Post","Photo","patron","https://www.instagram.com/p/DTbT0BqlkTl/","Aged naturally. PATR√ìN Reposado is crafted in oak barrels to develop its distinctly smooth taste.

#PATR√ìNTequila #PATR√ìNReposado","","573","566","7",""
"12/2/2025 12:12 pm","18151190422426435","Instagram","Reel","Video","drink818","https://www.instagram.com/reel/DRxMZAxkYSD/","Holiday surprises aren‚Äôt over yet!

Link in bio to shop the 818 Dat Hat + Limited-Edition 818 Embroidered Tote Bag now.","","566","531","35",""
"12/12/2025 8:00 am","18018240608795094","Instagram","Post","Carousel","patron","https://www.instagram.com/p/DSKg8DSie6-/","Bring PATR√ìN to the holiday party and the rest takes care of itself.

#PATRONTequila","","566","557","9",""
"12/12/2025 3:00 pm","18080097085916884","Instagram","Reel","Video","donjuliotequila","https://www.instagram.com/reel/DSLRAjLjUFm/","Toda una vida de devoci√≥n.

Manuel Tavares Rojo, maestro jimador con m√°s de 22 a√±os en el campo, nos comparte el arte de la jima y el legado inigualable de Don Julio Gonz√°lez.
.
.
A lifetime of devotion.¬†

Hear from Manuel Tavares Rojo, our master jimador of over 22 years, as he shares the craft and heritage of la jima, and the legacy of Don Julio Gonz√°lez.","","564","533","31",""
"10/25/2025 2:24 pm","18317217361172940","Instagram","Post","Photo","patron","https://www.instagram.com/p/DQPf9gFjhBc/","The winner is crystal-clear: PATR√ìN at the CDMX race weekend. Cheers to an iconic weekend.¬†

#PATRONTequila #PatronCristalino #CDMXGP","","563","554","9",""
"12/10/2025 3:00 pm","18069545783615758","Instagram","Reel","Video","donjuliotequila","https://www.instagram.com/reel/DSGHcYbFOHf/","‚ÄúLa calidad del tequila comienza en los campos.‚Äù

Conoce al hombre detr√°s de la protecci√≥n de nuestras recetas. Abraham Anaya, Gerente de Desarrollo de L√≠quidos, nos comparte la importancia de conservar las tradiciones y asegurar la calidad del tequila ante todo.
.
.
‚ÄúThe quality of a tequila starts in the fields.‚Äù

Meet the man who‚Äôs responsible for protecting all of our recipes. Abraham Anaya, Liquid Development Manager, shares the importance of keeping tradition and quality above all.","","553","526","27",""
"12/30/2025 6:18 pm","17916493815250516","Instagram","Reel","Video","teremana","https://www.instagram.com/reel/DS59tH2DRHa/","They say 12 grapes bring good luck‚Ä¶ we just made them taste better.","","552","542","10",""
"12/5/2025 3:55 pm","17932720263133165","Instagram","Post","Carousel","patron","https://www.instagram.com/p/DR5V0IwibI-/","Way better than a card.
¬†
#PATRONTequila","","529","523","6",""
"12/19/2025 5:06 pm","17988141119753417","Instagram","Post","Photo","patron","https://www.instagram.com/p/DSdhGA0jpOe/","For the perfect balance of smooth and citrus, it has to be PATR√ìN Silver.
¬†
#PATRONTequila #PATRONSilver","","499","493","6",""
"10/5/2025 2:59 pm","17912048907215830","Instagram","Reel","Video","drink818","https://www.instagram.com/reel/DPcDzpFjhkQ/","Kick off game day with The 818 Hail Mary

- 2 OZ 818 Tequila Reposado
- 4 OZ Tomato Juice
- 0.5 OZ Orange Juice
- 0.5 OZ Lime Juice
- 1 TBSP Hot Sauce 
- 3 Dashes Worcestershire Sauce 
- 2 Muddled Jalape√±o Slices
- Salt & Pepper

1. Combine all ingredients into a glass with ice and stir.
2. Add salt and pepper to taste.
3. Garnish with fresh jalape√±o slices.","","493","465","28",""
"11/23/2025 7:00 pm","17879150556334259","Instagram","Reel","Video","donjuliotequila","https://www.instagram.com/reel/DRaxeFjkkBX/","Red carpet looks, signature serves, and chart-topping tracks by Lupe Fiasco‚Äîit all went down at the 1942 Derby Day After Party in Melbourne.
.
.
Alfombra roja, cocteles de autor y Lupe Fiasco al mando: todo esto y m√°s durante la After Party 1942 de Derby Day en Melbourne.","","480","472","8",""
"10/31/2025 1:52 pm","18084860737813901","Instagram","Reel","Video","espolontequila","https://www.instagram.com/reel/DQe4_1PD-Oy/","In this house the memories aren‚Äôt gone - they‚Äôre just sitting across with a glass. Here‚Äôs to us. ‚ú®üëª #Espol√≥nTequila","","456","344","112",""
"10/22/2025 6:49 pm","18001847885823848","Instagram","Reel","Video","patron","https://www.instagram.com/reel/DQIPzX8DOwf/","Cantina PATR√ìN popped up this weekend in Austin, TX with¬†califadeleon, serving up Michelin-star food, speakeasy martinis, and our new official drink of cota_official : the PATR√ìN Citrus Circuit. Thank you chacecrawford for helping shake up the party!
¬†
#PATRONTequila #PATRONCitrusCircuit #COTA","","449","425","24",""
"12/2/2025 5:00 pm","18105284209653790","Instagram","Reel","Video","donjuliotequila","https://www.instagram.com/reel/DRxu0dCiZQn/","Inside the 2025 World Class Bartender competition: 51 national champions and one flawless finish by felice_spiritssommelier. 
.
.
As√≠ se vivi√≥ la competencia World Class Bartender 2025: con 51 finalistas y una ejecuci√≥n impecable por felice_spiritssommelier","","435","423","12",""
"10/29/2025 2:52 pm","18023450087587895","Instagram","Reel","Video","teremana","https://www.instagram.com/reel/DQZ2Lb9kTDm/","therock did we do this right?","","434","415","19",""
"10/14/2025 4:17 pm","18375046378145395","Instagram","Post","Carousel","patron","https://www.instagram.com/p/DPzYEi1Ets_/","Heritage isn‚Äôt just history‚Äîit‚Äôs what you taste in every drop of PATR√ìN.
¬†
#PATRONTequila #HispanicHeritageMonth","","429","426","3",""
"1/31/2026 4:06 pm","17862712956578938","Instagram","Post","Carousel","patron","https://www.instagram.com/p/DUMIYXejyrF/","Quiet on set? Not with mustard. Thanks for making our PATR√ìN El ALTO cork pop really pop. #PATRONxGRAMMYS","","408","397","11",""
"11/1/2025 12:17 pm","18074523476237465","Instagram","Post","Carousel","patron","https://www.instagram.com/p/DQhS5vyCZUV/","This D√≠a de Muertos, we raise a glass, share a story, and celebrate those who came before.

#PATRONTequila #DiaDeLosMuertos","","404","398","6",""
"12/1/2025 2:01 pm","18063679610402426","Instagram","Reel","Video","casamigos","https://www.instagram.com/reel/DRu1iorkgMP/","Eyes on Friday. The FIFA World Cup 26‚Ñ¢ Final Draw decides the matchups ‚Äì we'll bring the margs ‚öΩÔ∏èüçã‚Äçüü©","","403","386","17",""
"11/20/2025 3:00 pm","18151799002417268","Instagram","Reel","Video","donjuliotequila","https://www.instagram.com/reel/DRSnlxSEoIj/","From Mexico, with love. We close our global D√≠a de Muertos celebration just as we started: sharing pan de muerto and tequila with our closest ones. Here‚Äôs to keeping traditions alive.
.
.
De M√©xico, con amor. Terminamos nuestra fiesta global de D√≠a de Muertos as√≠ como la empezamos: compartiendo tequila y pan de muerto con nuestros seres queridos. Que nunca mueran nuestras tradiciones.","","398","394","4",""
"12/4/2025 1:21 pm","17973213713951410","Instagram","Reel","Video","casamigos","https://www.instagram.com/reel/DR2fW4BiZC7/","You voted. We poured. Meet the Casamigos Draw Margarita - the fan-made Casamigos cocktail for the FIFA World Cup 26‚Ñ¢ Draw ‚öΩÔ∏è Make yours tomorrow while you watch and tag casamigos 

Anything Goes With My Casamigos","","396","365","31",""
"10/10/2025 4:31 pm","18428618863129105","Instagram","Reel","Video","casamigos","https://www.instagram.com/reel/DPpGerlDDGC/","Sweater weather, stirred not shaken. Casa Negroni time.

CASA NEGRONI
.75 oz. Casamigos Reposado Tequila
.75 oz. Italian Bitter Aperitif
.75 oz. Sweet Vermouth
2 Dashes Orange Bitters
Garnish Grapefruit Peel
 
Combine all ingredients into a glass mixer. Add ice, stir well for 30-45 seconds and strain into a rocks glass. Add large ice block, express natural oils from grapefruit peel over top of cocktail and garnish.","","378","365","13",""
"12/11/2025 3:00 pm","18078731579231315","Instagram","Reel","Video","donjuliotequila","https://www.instagram.com/reel/DSIsSQVlL-V/","Step inside our Hacienda at mo_marrakech, where Mexican spirit flows through every sip, bite, and beat.
.
.
Conoce nuestra Hacienda en el mo_marrakech, donde el esp√≠ritu mexicano se siente a trav√©s de cada sorbo, bocado y beat.","","377","356","21",""
"10/31/2025 1:22 pm","18076246871180196","Instagram","Reel","Video","teremana","https://www.instagram.com/reel/DQe1kDekdqk/","The only thing haunting us today? The sound of the last pour ü•ÉüíÄ","","372","353","19",""
"1/21/2026 4:16 pm","18073094084526339","Instagram","Post","Photo","teremana","https://www.instagram.com/p/DTyZf1ckUG_/","Just saying","","362","355","7",""
"12/24/2025 12:00 pm","18087193340003511","Instagram","Post","Carousel","donjuliotequila","https://www.instagram.com/p/DSp2CeUlNvs/","‚ÄòTis the season for the ‚Äòtini, 1942 style. Notes of coffee, dark chocolate, and cinnamon make this new favorite a holiday staple.
.
.
Un martini a la 1942. Notas de caf√©, chocolate oscuro y canela hacen de este c√≥ctel un nuevo cl√°sico para esta temporada.","","357","348","9",""
"12/22/2025 3:00 pm","18090396850977699","Instagram","Post","Carousel","donjuliotequila","https://www.instagram.com/p/DSlA_5eFIxF/","Make spirits bright with a Don Julio Ponche Paloma. Citrus-forward, subtly spiced, and made with 100% Blue Weber Agave, this cocktail brings a festive twist to ponche navide√±o‚ÄîMexico‚Äôs beloved holiday punch.
.
.
Para un ponche navide√±o m√°s festivo, agr√©gale los sabores √∫nicos de la Paloma. Especias suaves, c√≠tricos y 100% agave azul weber, Don Julio Ponche Paloma es el c√≥ctel perfecto para estas fiestas.","","352","349","3",""
"12/5/2025 11:01 am","18429585811109839","Instagram","Reel","Video","casamigos","https://www.instagram.com/reel/DR40GHqDba4/","Every sip takes you closer to the tournament ‚öΩüçã‚Äçüü©‚Äã
Now in the official Casamigos Collectible Cup - made for fans, inspired by the FIFA World Cup 26‚Ñ¢.‚Äã

Anything Goes With My Casamigos","","352","321","31",""
"11/19/2025 3:24 pm","18057139658292207","Instagram","Reel","Video","casamigos","https://www.instagram.com/reel/DRQFfKpGGVE/","The real main course? Casamigos.
Find Friendsgiving cocktail recipes at the link in bio

Casa Cider Punch Bowl (Serves 17)
25.4 oz (1 Full 750ml Bottle) Casamigos Reposado
17 oz. Apple Cider
8.5 oz. Fresh Lemon Juice
8.5 oz. Ginger Syrup (Suggest Liquid Alchemist)
.5 oz. Aromatic Bitters
17 Pinches Nutmeg (2 tsp Nutmeg)
Garnish 12 Red Apple Wheels, 17 Star Anise, 17 Thyme Sprigs + Cinnamon Dusting

Combine all ingredients directly into a large punch bowl. Top off with ice, stir well for 8-10 seconds, then garnish.","","349","331","18",""
"10/21/2025 2:00 pm","17878501464421280","Instagram","Reel","Video","espolontequila","https://www.instagram.com/reel/DQFCX7Lkhhg/","Drop a üêì if you pinned him, lie if you didn‚Äôt - we‚Äôll literally never know üëÄ","","343","318","25",""
"12/19/2025 3:14 pm","18107638180567582","Instagram","Reel","Video","casamigos","https://www.instagram.com/reel/DSdULjwFWD-/","Dill syrup in a margarita? It works.‚Äã
Anything Goes With My Casamigos‚Äã
‚Äã
CASA BELLS‚Äã
1.5 oz. Casamigos Blanco Tequila‚Äã
1 oz. Cranberry Juice‚Äã
.75 oz. Fresh Lime Juice‚Äã
.5 oz. Dill Syrup* or Simple Syrup‚Äã
.25 oz. Maraschino Liqueur‚Äã
2 Dashes Peychauds Bitters‚Äã
Garnish Fresh Cranberries + Dill Sprig‚Äã
‚Äã
Combine all ingredients into a cocktail shaker. Add ice, shake vigorously and strain into a rocks glass. Add fresh ice and garnish. ‚Äã
‚Äã
*To create Dill Syrup (Makes 1L) -- Boil 2 cups water, then stir in 2 cups white granulated sugar until dissolved. Add 1 oz. dried dill weed, and let simmer for 8-10 min. Cool, strain and store in a sealed glass container in the fridge. Good for 2-3 weeks if stored properly. ‚Äã
‚Äã","","336","322","14",""
"12/22/2025 5:05 pm","18064525841197668","Instagram","Reel","Video","patron","https://www.instagram.com/reel/DSlPV5yicb-/","Top friends deserve top shelf. PATR√ìN Silver is the core to every holiday cocktail, like the PATR√ìN Silver Cranberry Margarita.
¬†
1.5 oz Patr√≥n Silver
.5 oz Patr√≥n Citr√≥nge Orange Liqueur
1 oz Cranberry juice
.5 oz Lime juice
+ Taj√≠n rim
+ Cranberries and rosemary for garnish

¬†#PATRONTequila #PATRONMargarita","","325","317","8",""
"12/19/2025 3:00 pm","18073987931370894","Instagram","Post","Carousel","donjuliotequila","https://www.instagram.com/p/DSdSqzclBJ2/","Elevate the holidays with a Mexican take on a classic.
Don Julio A√±ejo Winter Old Fashioned combines the deep, elegant notes you know with the warm citrus and oak-infused flavors you love.¬†
.
.
Eleva las celebraciones navide√±as con un nuevo cl√°sico mexicano. Don Julio A√±ejo Winter Old Fashioned combina los aromas elegantes que ya conoces con los sabores c√≠tricos y amaderados que tanto te gustan.","","322","312","10",""
"1/7/2026 6:35 pm","17906678409305985","Instagram","Reel","Video","casamigos","https://www.instagram.com/reel/DTOmTuAk408/","Proof margaritas aren't just for summer‚Äã üçã‚ùÑÔ∏è

Anything Goes With My Casamigos","","312","302","10",""
"1/5/2026 6:01 pm","18388034962182136","Instagram","Reel","Video","teremana","https://www.instagram.com/reel/DTJYxaKDSND/","Some resolutions are meant to be revisited","","311","298","13",""
"10/17/2025 12:58 pm","17850697995534159","Instagram","Reel","Video","teremana","https://www.instagram.com/reel/DP6vmn5jTdC/","The trick is to freeze your tomatoes üçÖ","","307","288","19",""
"1/31/2026 2:00 pm","18110881066656882","Instagram","Reel","Video","espolontequila","https://www.instagram.com/reel/DUL5WMmkmwF/","The fit changes, the boldness doesn‚Äôt. Espol√≤n remains the main character.","","304","273","31",""
"10/22/2025 12:01 pm","18032062055520845","Instagram","Reel","Video","teremana","https://www.instagram.com/reel/DQHhDfCDYVh/","Spooky never tasted so good","","301","295","6",""
"11/14/2025 1:25 pm","18063053183631174","Instagram","Post","Carousel","espolontequila","https://www.instagram.com/p/DRC_8abEl0m/","Mercury‚Äôs in retrograde. Your heart‚Äôs in the DMs. Swipe to see who you‚Äôre cosmically cuffed to this season‚Ä¶","","299","290","9",""
"11/6/2025 2:48 pm","17975141870938545","Instagram","Reel","Video","casamigos","https://www.instagram.com/reel/DQujA9Lkw36/","A fall twist on a classic

SPICY OAXACAN OLD FASHIONED

1.5 oz. Casamigos Mezcal Joven
.25 oz. Honey Syrup
2 Dashes Aromatic Bitters
1-2 Dashes Scrappy‚Äôs Bitters Fire Tincture
Orange Oils (From Peel)
Garnish Upside Down Orange Peel + Cinnamon Dusting

Combine all ingredients into a glass mixer. Add ice, stir well for 30-45 seconds and strain into a rocks glass. Add large ice block, express natural oils from orange peel over top cocktail and garnish.","","290","277","13",""
"11/13/2025 3:16 pm","18111692431581296","Instagram","Post","Photo","espolontequila","https://www.instagram.com/p/DRAn0OMElef/","Latin Grammys on. Vinyls out. Espol√≤n poured. Aqu√≠ se celebra con Luz. #EspolonTequila #Ad21 #DrinkResponsibly","","281","269","12",""
"12/29/2025 12:23 pm","18109915195715551","Instagram","Reel","Video","teremana","https://www.instagram.com/reel/DS2wjCFEUML/","Getting swept into NYE plans like‚Ä¶","","277","259","18",""
"11/25/2025 12:57 pm","18068424263105856","Instagram","Reel","Video","teremana","https://www.instagram.com/reel/DRfRRf2kQ4u/","Epic race weekend with our friends at the bellagio üèéÔ∏èü•É","","276","258","18",""
"12/25/2025 11:54 am","18413483059184864","Instagram","Post","Photo","casamigos","https://www.instagram.com/p/DSsaF7WFljp/","A little something for everyone üéÑ‚Äã
Anything Goes With My Casamigos","","276","264","12",""
"11/26/2025 11:59 am","17944266819082459","Instagram","Reel","Video","teremana","https://www.instagram.com/reel/DRhvbrmEfjH/","When you take your role of bringing the drinks very seriously","","274","257","17",""
"10/31/2025 11:41 am","18096197635796343","Instagram","Reel","Video","casamigos","https://www.instagram.com/reel/DQep8YSD-cw/","Happy Halloween from our Casa to yours üéÉ","","274","268","6",""
"12/29/2025 2:50 pm","18085970483109988","Instagram","Reel","Video","casamigos","https://www.instagram.com/reel/DS3BbcGjbA-/","The Casa Royale Margarita - our New Year‚Äôs pour‚Äã
Anything Goes With My Casamigos‚Äã
‚Äã
CASA ROYALE‚Äã
1 oz. Casamigos Blanco Tequila‚Äã
.5 oz. Creme de Cassis‚Äã
Top off with Chilled Champagne or Prosecco‚Äã
Thick 1/2 Rim Edible Gold Glitter/Sugar*‚Äã
Garnish 2 Concord Grapes through Skewer dipped in Edible Gold Glitter/Sugar‚Äã
‚Äã
Wet 1/2 rim of glass with lemon wheel and dip into edible gold/salt blend. Combine all ingredients, except champagne or prosecco into a cocktail shaker. Add ice, shake vigorously and strain into a rocks glass. Add fresh ice, top off with champagne or prosecco and garnish.‚Äã
‚Äã
*To create Edible Gold Glitter/Sugar -- Combine 2 parts edible gold glitter to 1 part white granulated sugar. Mix well and store in sealed container.","","270","260","10",""
"12/3/2025 4:41 pm","18116336122566707","Instagram","Reel","Video","donjuliotequila","https://www.instagram.com/reel/DR0RbclkrRK/","This D√≠a de Muertos, we honored the past by crafting something new.
An AR powered experience that changes the way we live our heritage.
It‚Äôs tradition you can see, hear, and feel, wherever you are.
Tap the link in bio to experience.
.
.
Este D√≠a de Muertos, honramos el pasado creando algo completamente nuevo.
Una experiencia de RA que transforma la manera en la que vivimos nuestra herencia.
Es una tradici√≥n que se puede ver, o√≠r y sentir, est√©s donde est√©s.
Dale click al link en bio para vivirla.","","265","259","6",""
"1/9/2026 2:26 pm","18060192842316452","Instagram","Reel","Video","espolontequila","https://www.instagram.com/reel/DTTTT5_kkSc/","Inspired by our Posada world, reimagined by danyboydoid. That‚Äôs the collab. üòÆ‚Äçüí®‚ò†Ô∏è","","264","251","13",""
"12/24/2025 4:57 pm","18022190990788653","Instagram","Post","Photo","casamigos","https://www.instagram.com/p/DSqX-FmAezX/","Cozy nights, smooth sips üéÑ","","254","252","2",""
"11/13/2025 1:42 pm","18085104127968173","Instagram","Post","Carousel","patron","https://www.instagram.com/p/DRAdH8FiWS2/","Cristalino keeps things clear, on the outside that is. Inside though? It‚Äôs all A√±ejo depth and the full character to match.
¬†
#PATRONTequila #PATRONCristalino","","245","240","5",""
"12/22/2025 1:14 pm","18187844545348986","Instagram","Reel","Video","espolontequila","https://www.instagram.com/reel/DSk0yULD5Rl/","Stories taste sweeter this time of year. Here‚Äôs one from chileconmiel, told through chocolate and Espol√≤n A√±ejo.

Hot chocolate season is here and what better way to heat up by the fire on a cold winter day with the addition of Espolon A√±ejo? My favorite chocolate comes from my family‚Äôs hometown of Valparaiso, Zacatecas Mexico where cacao is charred over open flame on a comal before being ground into a paste with aromatics. This recipe creates a luxurious earthy chocolate beverage with floral notes of vanilla and the essence of citrus which pairs perfectly with oak aged tequila.¬†
¬†
Recipe for 4 cups of hot chocolate¬†
4 Cups milk of choice¬†
1-2¬†Round tablets of Mexican chocolate such as Ibarra¬†
¬Ω¬†Teaspoon vanilla extract¬†
1 Teaspoon ground ceylon cinnamon aka canela or Mexican cinnamon
4 Long orange peels (about three inches)
4-6 Ounces Espolon Tequila Anejo
Pinch of salt

Process
Pour milk into a medium pot on medium heat and add tablets of chocolate. Once the chocolate is dissolved in the milk add all the other ingredients and let simmer on low heat for about 2 more minutes to combine. Froth with a whisk or wooden molinillo","","241","211","30",""
"12/15/2025 2:07 pm","17976111422953282","Instagram","Reel","Video","espolontequila","https://www.instagram.com/reel/DSS5YFvkhJs/","The recipe for a 10/10 night? Good company, great stories, and Espol√≤n!‚ú®¬†#DrinkResponsibly #EspolonTequila","","240","192","48",""
"11/24/2025 3:01 pm","18170797408374399","Instagram","Post","Photo","casamigos","https://www.instagram.com/p/DRc62yrAggU/","Friendsgiving essentials: good friends, full plates and Casamigos on the table.‚Äã
Find a bottle near you ‚Äì link in bio ü•ÉüçÇ","","240","232","8",""
"1/9/2026 6:34 pm","17878588686452399","Instagram","Reel","Video","teremana","https://www.instagram.com/reel/DTTvpVqDTHR/","calling alllll fans of flavorüçóüçπTeremana & Wingstop are partnering this football season to push the boundaries of flavorüî•

so tell us, what‚Äòs your wing & marg combo?üëÄ","","238","206","32",""
"11/14/2025 12:09 pm","18062912918529915","Instagram","Reel","Video","teremana","https://www.instagram.com/reel/DRC23-BESSQ/","If Friendsgiving had a cooler cousin‚Ä¶ it‚Äôd be Dipsgiving ‚Äî and yes, Teremana‚Äôs invited.","","237","222","15",""
"10/3/2025 7:33 pm","18057725717533922","Instagram","Reel","Video","patron","https://www.instagram.com/reel/DPXZwCdjKnl/","PATR√ìN is back to bring the heat to aclfestival fire beats. Are you ready?

#PATRONTequila #AustinCityLimits","","233","224","9",""
"1/16/2026 2:24 pm","18422138215186470","Instagram","Post","Photo","espolontequila","https://www.instagram.com/p/DTlUwkyEmRO/","The internet decided 2026 is the new 2016. Iconic behavior.","","232","219","13",""
"11/26/2025 2:00 pm","17987361470913617","Instagram","Post","Carousel","casamigos","https://www.instagram.com/p/DRh9cEhASA8/","You bring a pie. We‚Äôll bring the tequila. 
Welcome to the family. Happy Friendsgiving! ‚Äã

Anything Goes with My Casamigos.","","225","209","16",""
"10/1/2025 12:57 pm","18100225288651055","Instagram","Reel","Video","casamigos","https://www.instagram.com/reel/DPRi0h9FOuz/","International Coffee Day calls for Espresso Martinis. We've got you covered.
 
Cristalino Espresso Martini
1.5 oz Casamigos Cristalino Tequila
.75 oz Freshly Brewed Espresso
1 oz Spiced Vanilla Liqueur
.5 oz Coffee Liqueur (Suggest MrBlack¬Æ)
3 Dashes Chocolate Bitters
Garnish Cocoa Dusting
 
Combine all ingredients into a tin shaker. Add ice, shake vigorously and strain into a chilled martini or coupe glass and garnish.","","218","210","8",""
"12/21/2025 1:02 pm","18050744357422707","Instagram","Reel","Video","casamigos","https://www.instagram.com/reel/DSiOnJBgX1F/","First day of winter. Same smooth pour - always 100% Blue Weber Agave.","","213","210","3",""
"1/27/2026 3:38 pm","18553059493043976","Instagram","Reel","Video","casamigos","https://www.instagram.com/reel/DUBxYVHk52w/","Roll The Credits

taogrouphospitality","","212","193","19",""
"11/22/2025 10:35 am","17860073013544357","Instagram","Post","Carousel","patron","https://www.instagram.com/p/DRXSOs1jlvN/","Enjoy your friendsgiving dinners tonight.
¬†
#PATRONTequila #Friendsgiving","","211","210","1",""
"10/12/2025 7:19 pm","18399920200142063","Instagram","Post","Carousel","espolontequila","https://www.instagram.com/p/DPujW5Hj5Us/","The only red flag we trust? A Bloody Mar√≠a. Don‚Äôt argue. Just swipe.‚ù§Ô∏è‚Äçüî•","","208","204","4",""
"12/16/2025 2:57 pm","18113643169589906","Instagram","Reel","Video","casamigos","https://www.instagram.com/reel/DSVjy5eipUB/","Deck the halls‚Ä¶ with margs üçã‚Äçüü©üéÑ‚Äã
Anything Goes With My Casamigos","","208","202","6",""
"12/7/2025 3:00 pm","18117530083499260","Instagram","Reel","Video","casamigos","https://www.instagram.com/reel/DR-ZGsyjNKz/","Wish it were this easy to get a Casa drink to sip‚Ä¶","","208","189","19",""
"10/29/2025 1:11 pm","18072393941463772","Instagram","Reel","Video","espolontequila","https://www.instagram.com/reel/DQZqqDHD_2N/","Espol√≤n x danyboydoid ‚Äì two rebellious hearts, one shared canvas. From his sketchbook to the streets, Daniel‚Äôs art channels the bold, unapologetic spirit of Mexico that lives inside every bottle. ‚ò†Ô∏èüå∂Ô∏è","","204","185","19",""
"10/21/2025 11:52 am","18066044006528370","Instagram","Post","Photo","casamigos","https://www.instagram.com/p/DQE7Up2kffb/","Smoky, spooky and all Casamigos üëª 
Celebrate National Mezcal Day with the Smoky Casa Margarita - explore all our mezcal cocktails via link in bio.","","202","197","5",""
"1/13/2026 3:12 pm","17953957658920562","Instagram","Reel","Video","casamigos","https://www.instagram.com/reel/DTdrzf7iBvE/","Our winter cocktail lineup starts here. 
Find the recipes at the link in bio ü•É","","200","191","9",""
"11/11/2025 4:41 pm","18432955342099707","Instagram","Reel","Video","teremana","https://www.instagram.com/reel/DQ7nx1dkSae/","POV: you just became everyone‚Äôs favorite gift-giver üéÅ

Find our Ginger Spiced Paloma gift set at liquor stores near you.","","195","182","13",""
"1/11/2026 10:04 am","17991704255911907","Instagram","Reel","Video","teremana","https://www.instagram.com/reel/DTX-9PBjYH-/","When the occasion calls for something golden‚ú®","","195","189","6",""
"11/18/2025 7:42 pm","17898153420341657","Instagram","Reel","Video","teremana","https://www.instagram.com/reel/DRN90dADZVV/","Proof that the smallest details make the biggest impression‚Ä¶ 

Mini Manas anyone?!","","193","180","13",""
"11/3/2025 4:53 pm","18088094977927262","Instagram","Reel","Video","espolontequila","https://www.instagram.com/reel/DQnC7xNEhzL/","One last toast to the ones who came before, and those who keep the celebration going. üíÄ","","191","187","4",""
"12/16/2025 4:59 pm","18090651653505639","Instagram","Reel","Video","teremana","https://www.instagram.com/reel/DSVxvGSkZ0N/","Pro tip: make custom ice üßäüçä","","191","187","4",""
"11/27/2025 9:55 am","18112962574588363","Instagram","Post","Carousel","patron","https://www.instagram.com/p/DRkGQFFDvT6/","Smooth, authentic, and made from 100% Blue Weber Agave.

#PATRONTequila #Thanksgiving","","181","175","6",""
"12/10/2025 5:09 pm","18084472646045305","Instagram","Post","Photo","casamigos","https://www.instagram.com/p/DSGWOG9gZRm/","Whatever you‚Äôre celebrating, make sure Casamigos is invited.
Find your bottle - link in bio ü•É","","176","168","8",""
"12/3/2025 4:00 pm","17884966719408288","Instagram","Post","Photo","casamigos","https://www.instagram.com/p/DR0M0Yoj1sk/","FIFA World Cup 26‚Ñ¢ Final Draw week, let's go ‚öΩÔ∏èüçπ","","166","157","9",""
"12/30/2025 4:38 pm","17860311381502659","Instagram","Post","Photo","casamigos","https://www.instagram.com/p/DS5yoyLAbtY/","Midnight margs with friends deserves 100% Blue Weber agave","","161","153","8",""
"12/23/2025 4:54 pm","18112736941609801","Instagram","Reel","Video","teremana","https://www.instagram.com/reel/DSnym2nETdu/","Gingerbread houses and margs. What more can you ask for.","","157","150","7",""
"12/23/2025 10:01 am","17931195162017318","Instagram","Post","Photo","1800tequila","https://www.instagram.com/p/DSnDjXbF0r8/","Set the tone before the door opens.","","149","148","1",""
"12/22/2025 1:11 pm","17868717819502696","Instagram","Reel","Video","teremana","https://www.instagram.com/reel/DSk0dr5ET-Z/","It‚Äôs just such a busy time of year","","138","131","7",""
"12/4/2025 4:38 pm","18090253435767164","Instagram","Post","Carousel","espolontequila","https://www.instagram.com/p/DR217PLkkvh/","2025 Territorio Espol√≤n was a movie üôÇ‚Äç‚ÜïÔ∏èü´∂. Same time next year, Guadalajara?? (enjoy our recap in the meantime)","","134","129","5",""
"12/27/2025 5:00 pm","18297261160278062","Instagram","Reel","Video","casamigos","https://www.instagram.com/reel/DSyGkzzk61z/","Espresso + Casamigos makes the perfect connectionüñ±Ô∏è","","134","132","2",""
"11/5/2025 12:37 pm","17984098652867747","Instagram","Post","Photo","casamigos","https://www.instagram.com/p/DQrvVTQD7FI/","Score a trip to a FIFA World Cup 26‚Ñ¢ Match.¬†‚öΩ
Enter now at the link in bio for your chance to win flights, hotel and match tickets for you and a guest.","","133","124","9",""
"11/27/2025 11:01 am","17971684949812198","Instagram","Reel","Video","casamigos","https://www.instagram.com/reel/DRkNuPWDzZM/","They say you can‚Äôt choose your family.  But they‚Äôre wrong.‚Äã
Happy Friendsgiving, amigos! ‚Äã

Anything Goes With my Casamigos","","133","126","7",""
"12/25/2025 10:01 am","18090960829961540","Instagram","Post","Photo","1800tequila","https://www.instagram.com/p/DSsNMypl1BO/","The real gift is what‚Äôs inside the bottle.

1800 Cristalino starts with 100% Blue Weber Agave, aged in oak barrels, then carefully filtered to achieve its signature clarity without losing depth or character. A refined pour for the holiday season.","","128","127","1",""
"12/20/2025 11:04 am","17909044470272629","Instagram","Reel","Video","1800tequila","https://www.instagram.com/reel/DSfcEOADbXz/","The kind of gift that doesn‚Äôt stay wrapped for long.
1800 Cristalino.","","125","124","1",""
"1/31/2026 2:01 pm","18109616758588811","Instagram","Reel","Video","1800tequila","https://www.instagram.com/reel/DUL6AQ4Ejfr/","1800 Cristalino offers the complexity of an A√±ejo in its most stunning, crystal-clear form.","","117","114","3",""
"1/21/2026 4:36 pm","17884262490328518","Instagram","Post","Carousel","espolontequila","https://www.instagram.com/p/DTyb5QqEuDc/","We‚Äôre not doing ‚Äúnew year, new me‚Äù. We‚Äôre doing ‚Äúsame me, better plot development‚Äù. Salud!¬† üîÆü•Ç","","117","115","2",""
"1/8/2026 4:46 pm","17951398014062990","Instagram","Post","Photo","espolontequila","https://www.instagram.com/p/DTQ-tPxkv79/","Your 2026 vibe in 3 words üëÄ go","","117","90","27",""
"11/2/2025 4:43 pm","18243294727291490","Instagram","Post","Photo","casamigos","https://www.instagram.com/p/DQkdGV7geii/","Sundays are for football and Casamigos üèà‚Äã

Official Tequila Sponsor of the NFL.‚Äã
Find our Casamigos Margaritas near you - link in bio.","","115","110","5",""
"1/9/2026 2:56 pm","18139469719475311","Instagram","Post","Photo","casamigos","https://www.instagram.com/p/DTTW2plAboY/","Apr√®s starts with margs - made from 100% Blue Weber agave.","","113","112","1",""
"1/19/2026 1:13 pm","17919283302247814","Instagram","Reel","Video","1800tequila","https://www.instagram.com/reel/DTs6--UCClD/","1800: The bartender‚Äôs go-to. A pour so smooth, you‚Äôll make it yours too.","","111","107","4",""
"1/23/2026 2:06 pm","18549754189019549","Instagram","Reel","Video","teremana","https://www.instagram.com/reel/DT3UNQFEcI8/","And I forgot my umbrella at home","","107","96","11",""
"1/25/2026 5:58 pm","18174512488337592","Instagram","Reel","Video","1800tequila","https://www.instagram.com/reel/DT84XFcjh2B/","Turn your night up to 90 (proof) with a convenient small size 375ml bottle. Find us in select markets. Link in bio to purchase online.","","104","102","2",""
"11/21/2025 7:00 pm","18008697575807182","Instagram","Reel","Video","casamigos","https://www.instagram.com/reel/DRVn1ELCoeW/","Traveling home for Friendsgiving - where the margs and friends are waiting","","97","97","0",""
"12/19/2025 4:11 pm","17867300193511501","Instagram","Reel","Video","1800tequila","https://www.instagram.com/reel/DSdavj3E_xT/","Some gifts speak for themselves.
1800 Milenio is crafted to be opened, poured, and remembered.","","90","89","1",""
"12/23/2025 1:01 pm","18424860541112207","Instagram","Post","Photo","espolontequila","https://www.instagram.com/p/DSnYHFHiIG2/","This holiday season, we opened a cantina where everyone gets a seat at the table. üéÑü•É","","87","87","0",""
"12/14/2025 11:01 am","18091122397765817","Instagram","Post","Carousel","1800tequila","https://www.instagram.com/p/DSP_URKF5Bw/","The table says Reserved. The pour confirms it.

1800 Cristalino brings clarity and craft to gatherings made with intention.","","84","83","1",""
"12/17/2025 11:01 am","18324440464171455","Instagram","Post","Photo","1800tequila","https://www.instagram.com/p/DSXtqNWDAJO/","Small Bottle. Loud Entrance.
1800 High Proof Reposado with bold agave flavor that moves with the beat and fits right into the moment.
_____

Peque√±a en tama√±o, grande en presencia.

1800 High Proof Reposado: agave c√°lido que se disfruta con m√∫sica para una noche perfecta.","","83","83","0",""
"12/17/2025 6:52 pm","17933590881022606","Instagram","Post","Carousel","espolontequila","https://www.instagram.com/p/DSYjnacj_tV/","Wrapped? no. Responsible for the vibes? Absolutely. üôÇ‚Äç‚ÜïÔ∏èüéÅ","","82","74","8",""
"11/2/2025 12:00 pm","18027768872744207","Instagram","Reel","Video","espolontequila","https://www.instagram.com/reel/DQj8oYqkvFl/","Seven steps. Infinite memories. D√≠a de¬†Muertos is for sharing spirits, the kind we sip¬†and the kind we remember. üïØÔ∏èüåº 

comment OFRENDA¬†for your full emoji altar (& share with your friends!).","","82","71","11",""
"1/9/2026 11:30 am","18403595260124119","Instagram","Reel","Video","1800tequila","https://www.instagram.com/reel/DTS_QlcFd2a/","Some nights don‚Äôt need a reason, only the right company.
1800 Cristalino brings clarity and smoothness to gatherings that feel like celebration.","","80","79","1",""
"12/16/2025 11:06 am","18122339956540033","Instagram","Post","Photo","1800tequila","https://www.instagram.com/p/DSVJcwjF_UY/","That look when the tequila hits just right. 
1800 Reposado: the detail that makes the drink.","","79","76","3",""
"12/13/2025 11:40 am","18306953050249711","Instagram","Post","Carousel","1800tequila","https://www.instagram.com/p/DSNe-aQF8Bf/","A martini reimagined.
1800 Cristalino meets dry vermouth for a crisp, modern take that‚Äôs smooth, bright, and unmistakably refined.","","76","74","2",""
"12/21/2025 11:02 am","17845531731632722","Instagram","Post","Carousel","1800tequila","https://www.instagram.com/p/DSiA1VWF6p1/","Citrus, spice and 1800 A≈Ñejo make everything nice. Swipe for the Holiday Punch recipe.","","69","67","2",""
"11/21/2025 2:41 pm","17928933723159453","Instagram","Reel","Video","espolontequila","https://www.instagram.com/reel/DRVKAgEiXIB/","Ink fades. Memories persist. Here‚Äôs to spirits that leave a mark.","","68","63","5",""
"1/14/2026 11:30 am","18070579775577273","Instagram","Reel","Video","1800tequila","https://www.instagram.com/reel/DTf3PrfCBdw/","Not every story is told out loud.
Milenio‚Äôs is revealed.

Stillness and clarity bring its character forward. Smooth, confident and unmistakable.","","67","65","2",""
"1/2/2026 12:02 pm","17957910761897924","Instagram","Post","Carousel","1800tequila","https://www.instagram.com/p/DTBBXibF3rD/","A martini, but updated. Tequila in the spotlight, citrus in the mix, and none of vodka‚Äôs old-school attitude.","","61","60","1",""
"12/24/2025 11:17 am","17983169162774483","Instagram","Reel","Video","1800tequila","https://www.instagram.com/reel/DSpxDYjDny_/","The season, signed and sealed.
With love, 1800 Cristalino.","","59","59","0",""
"12/8/2025 11:02 am","18109637197618174","Instagram","Post","Carousel","1800tequila","https://www.instagram.com/p/DSAirO3F0-1/","Clarity in a glass.
1800 Blanco, dry vermouth, and just the right twist.
Your turn to make it yours.","","58","57","1",""
"1/16/2026 2:48 pm","18087057686140979","Instagram","Post","Carousel","1800tequila","https://www.instagram.com/p/DTlXetuE2ak/","A colder season calls for a clearer pour.
Stay warm with 1800 Cristalino.","","57","57","0",""
"10/27/2025 2:54 pm","17955289406886004","Instagram","Reel","Video","espolontequila","https://www.instagram.com/reel/DQUs7E2EmZ_/","The weather‚Äôs shifting - and so are the spirits. Welcome to D√≠a de Muertos, Espol√≤n style. üíÄüåº","","56","56","0",""
"1/10/2026 12:01 pm","18000264362851656","Instagram","Reel","Video","1800tequila","https://www.instagram.com/reel/DTVnhtCFT8L/","Good company deserves good taste.

1800 Reposado, aged in oak for smooth agave and golden warmth that keeps the table talking.","","55","55","0",""
"1/29/2026 2:39 pm","17916689022254764","Instagram","Post","Photo","1800tequila","https://www.instagram.com/p/DUG0xEHk6Rs/","Two drinks. One very good move.","","55","54","1",""
"11/30/2025 12:36 pm","18330522274233558","Instagram","Post","Carousel","espolontequila","https://www.instagram.com/p/DRsG5izCsTl/","Thanksgiving was wholesome. Coach with Friends is 100% agave, 100% chisme. üíãü•É","","54","51","3",""
"1/23/2026 3:23 pm","18062363198303222","Instagram","Post","Photo","1800tequila","https://www.instagram.com/p/DT3dBqtkrI_/","You‚Äôre in good hands. 1800 Milenio: Extra-aged and matured in French Oak Cognac barrels.","","51","49","2",""
"1/17/2026 11:13 am","17988564920921760","Instagram","Post","Carousel","1800tequila","https://www.instagram.com/p/DTnjrBQDQi4/","A bright break from the season‚Äôs richer pours.
Lemon Spark Ranch Water with 1800 Cristalino has everything you need: citrus, sparkle, and balance.","","51","51","0",""
"12/29/2025 10:56 am","17989657238751510","Instagram","Post","Photo","1800tequila","https://www.instagram.com/p/DS2mq2wl9Ng/","The season calls for something bright.","","48","47","1",""
"12/30/2025 1:00 pm","17844445107665277","Instagram","Reel","Video","espolontequila","https://www.instagram.com/reel/DS5ZnwpD_nK/","Consider this your cocktail reading for the new year.‚ú®ü•Ç","","46","46","0",""
"11/14/2025 3:19 pm","18079264736126386","Instagram","Reel","Video","casamigos","https://www.instagram.com/reel/DRDM6afEw6c/","The countdown is on ‚öΩ¬†
¬†
We‚Äôre celebrating the upcoming FIFA World Cup 26‚Ñ¢ Final Draw¬†(December 5th) with a draw of our own - the¬†Casamigos¬†Margarita Draw. Starting today, you‚Äôll help us build a fan-made margarita, one vote at a time.
¬†
Head to our Stories to cast your first vote üçπ","","28","0","28",""
"11/4/2025 5:44 pm","18082100908866160","Instagram","Reel","Video","casamigos","https://www.instagram.com/reel/DQptZPhksDh/","Game day in Miami, Casa Style üèà","","17","0","17",""
"1/29/2026 3:52 pm","18101580169859096","Instagram","Post","Carousel","casamigos","https://www.instagram.com/p/DUG9IGxE7Ac/","Scenes from Sundance","","16","0","16",""
"10/28/2025 3:00 pm","17897092893338353","Instagram","Post","Photo","casamigos","https://www.instagram.com/p/DQXScIjFVeq/","Our Halloween reading list","","10","0","10",""
"10/31/2025 1:58 pm","18060409487538643","Instagram","Reel","Video","casamigos","https://www.instagram.com/reel/DQe48majzUf/","Haunted House of Friends - Ireland edition üéÉ","","10","0","10",""
"10/16/2025 4:02 pm","18206817460312750","Instagram","Post","Carousel","casamigos","https://www.instagram.com/p/DP4f70xEmZG/","Desert days, Casa nightsü•É","","6","0","6",""
"10/5/2025 12:52 pm","18175923985347113","Instagram","Reel","Video","casamigos","https://www.instagram.com/reel/DPb1apxCc_8/","Your tailgate MVP: Casamigos Margaritas","","6","0","6",""
"10/31/2025 7:31 pm","18315954049170457","Instagram","Post","Carousel","casamigos","https://www.instagram.com/p/DQffw-DEqah/","Kicking off Halloween weekend with pizzaslime üëªüçï","","5","0","5",""
"11/8/2025 3:04 pm","18079032644470348","Instagram","Reel","Video","casamigos","https://www.instagram.com/reel/DQzuYbmEtp9/","Golden hour called ‚Äì we answered","","5","0","5",""
"12/31/2025 3:07 pm","18091823597296386","Instagram","Reel","Video","casamigos","https://www.instagram.com/reel/DS8M4evFGs1/","Margs at midnight just made sense üçã‚Äçüü©ü™©‚Äã
Happy New Year!‚Äã
‚Äã
Anything Goes With My Casamigos","","4","0","4",""
