"Date","Post ID","Network","Post Type","Content Type","Profile","Sent by","Link","Post","Linked Content","Impressions","Organic Impressions","Paid Impressions","Reach","Organic Reach","Paid Reach","Potential Reach","Engagement Rate (per Impression)","Engagements","Reactions","Likes","Dislikes","Love Reactions","Haha Reactions","Wow Reactions","Sad Reactions","Angry Reactions","Comments","Shares","Saves","Post Link Clicks","SproutLink Clicks","Other Post Clicks","Post Clicks (All)","Other Engagements","Subscribers Gained from Video","Annotation Clicks","Card Clicks","Video Views","Organic Video Views","Paid Video Views","Partial Video Views","Organic Partial Video Views","Paid Partial Video Views","Full Video Views","Organic Full Video Views","Paid Full Video Views","Full Video View Rate","Follow Video Views","For You Video Views","Hashtag Video Views","Business Account Video Views","Others Video Views","Search Video Views","Sound Video Views","Unspecified Video Views","Estimated Minutes Watched","Story Taps Back","Story Taps Forward","Story Exits","Story Replies","Video Added to Playlists","Subscribers Lost from Video","Video Removed from Playlists","Average Video Time Watched (Seconds)","Tags"
"1/31/2026 11:41 am","18055223735399495","Instagram","Reel","Video","josecuervotequila"," ","https://www.instagram.com/reel/DULp4hkguTr/","From ground to glass, Cuervo has been leading the charge in tequila sustainability and we took that story straight to New Orleans üå±‚ú®

Hit the link in bio to learn more about our sustainability practices!",,"1,434","1,434","","1,121","1,121","","","3.84%","55","47","47","","","","","","","0","6","2","","","","","","","","","1,434","1,434","","","","","","","","","","","","","","","","","","","","","","","","","",""
"1/29/2026 3:30 pm","18033301121574380","Instagram","Post","Carousel","josecuervotequila"," ","https://www.instagram.com/p/DUG6nyAEtK6/","From agave to after-party ‚ôªÔ∏è

We don‚Äôt just craft tequila, we repurpose our agave bagasse into cups and new products that keep the celebration going with less waste. 

That‚Äôs how Cuervo does sustainability. üå±",,"1,811","1,811","","728","728","","","2.1%","38","37","37","","","","","","","1","0","0","","","","","","","","","","","","","","","","","","","","","","","","","","","","","","","","","","","",""
"1/28/2026 11:51 am","18054067703676388","Instagram","Story","Photo","josecuervotequila"," ","https://www.instagram.com/stories/josecuervotequila/3820164225625413420","",,"1,951","1,951","","1,609","1,609","","","0.05%","1","","","","","","","","","1","0","","","","","","","","","","","","","","","","","","","","","","","","","","","","","133","909","183","1","","","","",""
"1/28/2026 11:51 am","18081258662601035","Instagram","Story","Video","josecuervotequila"," ","https://www.instagram.com/stories/josecuervotequila/3820164189495636721","",,"2,618","2,618","","2,216","2,216","","","0%","0","","","","","","","","","0","0","","","","","","","","","","","","","","","","","","","","","","","","","","","","","14","559","132","0","","","","",""
"1/27/2026 1:26 pm","18193111741343717","Instagram","Story","Video","josecuervotequila"," ","https://www.instagram.com/stories/josecuervotequila/3819487421482895105","",,"281","281","","236","236","","","0.36%","1","","","","","","","","","0","1","","","","","","","","","","","","","","","","","","","","","","","","","","","","","21","191","46","0","","","","",""
"1/27/2026 1:25 pm","18393693406197790","Instagram","Story","Photo","josecuervotequila"," ","https://www.instagram.com/stories/josecuervotequila/3819486815733124065","",,"47","47","","36","36","","","0%","0","","","","","","","","","0","0","","","","","","","","","","","","","","","","","","","","","","","","","","","","","2","35","7","0","","","","",""
"1/27/2026 1:25 pm","17871231990533619","Instagram","Story","Video","josecuervotequila"," ","https://www.instagram.com/stories/josecuervotequila/3819486708937743714","",,"45","45","","36","36","","","2.22%","1","","","","","","","","","1","0","","","","","","","","","","","","","","","","","","","","","","","","","","","","","3","36","1","1","","","","",""
"1/27/2026 1:24 pm","18552656809044482","Instagram","Story","Video","josecuervotequila"," ","https://www.instagram.com/stories/josecuervotequila/3819486296327298463","",,"414","414","","362","362","","","0.24%","1","","","","","","","","","0","1","","","","","","","","","","","","","","","","","","","","","","","","","","","","","16","219","16","0","","","","",""
"1/27/2026 8:38 am","18069310961444145","Instagram","Story","Photo","josecuervotequila"," ","https://www.instagram.com/stories/josecuervotequila/3819342416885766383","",,"275","275","","220","220","","","0%","0","","","","","","","","","0","0","","","","","","","","","","","","","","","","","","","","","","","","","","","","","24","199","31","0","","","","",""
"1/27/2026 8:37 am","18073035602381866","Instagram","Story","Video","josecuervotequila"," ","https://www.instagram.com/stories/josecuervotequila/3819341764990252534","",,"279","279","","227","227","","","0%","0","","","","","","","","","0","0","","","","","","","","","","","","","","","","","","","","","","","","","","","","","22","203","8","0","","","","",""
"1/27/2026 8:36 am","18085566944272578","Instagram","Story","Photo","josecuervotequila"," ","https://www.instagram.com/stories/josecuervotequila/3819341545049340965","",,"272","272","","232","232","","","0%","0","","","","","","","","","0","0","","","","","","","","","","","","","","","","","","","","","","","","","","","","","12","231","10","0","","","","",""
"1/27/2026 8:36 am","17879833176462073","Instagram","Story","Photo","josecuervotequila"," ","https://www.instagram.com/stories/josecuervotequila/3819341236935731379","",,"264","264","","238","238","","","0%","0","","","","","","","","","0","0","","","","","","","","","","","","","","","","","","","","","","","","","","","","","10","230","13","0","","","","",""
"1/27/2026 8:35 am","18085732190160851","Instagram","Story","Photo","josecuervotequila"," ","https://www.instagram.com/stories/josecuervotequila/3819341006634879376","",,"269","269","","243","243","","","0%","0","","","","","","","","","0","0","","","","","","","","","","","","","","","","","","","","","","","","","","","","","12","239","7","0","","","","",""
"1/27/2026 8:35 am","18093769279984027","Instagram","Story","Video","josecuervotequila"," ","https://www.instagram.com/stories/josecuervotequila/3819340970580642835","",,"285","285","","250","250","","","0.35%","1","","","","","","","","","1","0","","","","","","","","","","","","","","","","","","","","","","","","","","","","","21","236","10","1","","","","",""
"1/27/2026 8:34 am","18109426246658043","Instagram","Story","Video","josecuervotequila"," ","https://www.instagram.com/stories/josecuervotequila/3819340555873046384","",,"313","313","","260","260","","","0.32%","1","","","","","","","","","0","1","","","","","","","","","","","","","","","","","","","","","","","","","","","","","12","247","20","0","","","","",""
"1/27/2026 8:34 am","18071923661132362","Instagram","Story","Photo","josecuervotequila"," ","https://www.instagram.com/stories/josecuervotequila/3819340372976208136","",,"343","343","","296","296","","","0%","0","","","","","","","","","0","0","","","","","","","","","","","","","","","","","","","","","","","","","","","","","4","238","30","0","","","","",""
"1/26/2026 2:31 pm","17914572105122131","Instagram","Story","Video","josecuervotequila"," ","https://www.instagram.com/stories/josecuervotequila/3818795269031407903","",,"228","228","","194","194","","","0%","0","","","","","","","","","0","0","","","","","","","","","","","","","","","","","","","","","","","","","","","","","21","151","44","0","","","","",""
"1/26/2026 2:31 pm","18302940454260463","Instagram","Story","Video","josecuervotequila"," ","https://www.instagram.com/stories/josecuervotequila/3818795119445754426","",,"239","239","","199","199","","","0%","0","","","","","","","","","0","0","","","","","","","","","","","","","","","","","","","","","","","","","","","","","17","207","9","0","","","","",""
"1/26/2026 2:30 pm","18090024749513987","Instagram","Story","Video","josecuervotequila"," ","https://www.instagram.com/stories/josecuervotequila/3818794815736208620","",,"235","235","","203","203","","","0.43%","1","","","","","","","","","0","1","","","","","","","","","","","","","","","","","","","","","","","","","","","","","22","198","6","0","","","","",""
"1/26/2026 2:00 pm","18089579180017159","Instagram","Story","Photo","josecuervotequila"," ","https://www.instagram.com/stories/josecuervotequila/3818779484355541383","",,"246","246","","200","200","","","0%","0","","","","","","","","","0","0","","","","","","","","","","","","","","","","","","","","","","","","","","","","","10","212","10","0","","","","",""
"1/26/2026 2:00 pm","18028492355596560","Instagram","Story","Photo","josecuervotequila"," ","https://www.instagram.com/stories/josecuervotequila/3818779457822353206","",,"226","226","","201","201","","","0%","0","","","","","","","","","0","0","","","","","","","","","","","","","","","","","","","","","","","","","","","","","15","198","6","0","","","","",""
"1/26/2026 2:00 pm","17879206674463314","Instagram","Story","Video","josecuervotequila"," ","https://www.instagram.com/stories/josecuervotequila/3818779406702166198","",,"158","158","","142","142","","","0%","0","","","","","","","","","0","0","","","","","","","","","","","","","","","","","","","","","","","","","","","","","10","142","3","0","","","","",""
"1/26/2026 1:59 pm","18307515892280042","Instagram","Story","Photo","josecuervotequila"," ","https://www.instagram.com/stories/josecuervotequila/3818779380974305118","",,"240","240","","204","204","","","0%","0","","","","","","","","","0","0","","","","","","","","","","","","","","","","","","","","","","","","","","","","","14","214","3","0","","","","",""
"1/26/2026 1:59 pm","18020056484632245","Instagram","Story","Video","josecuervotequila"," ","https://www.instagram.com/stories/josecuervotequila/3818779341338144242","",,"249","249","","212","212","","","0%","0","","","","","","","","","0","0","","","","","","","","","","","","","","","","","","","","","","","","","","","","","18","211","4","0","","","","",""
"1/26/2026 1:59 pm","18038125916759673","Instagram","Story","Photo","josecuervotequila"," ","https://www.instagram.com/stories/josecuervotequila/3818779173054269582","",,"162","162","","146","146","","","0%","0","","","","","","","","","0","0","","","","","","","","","","","","","","","","","","","","","","","","","","","","","7","146","9","0","","","","",""
"1/26/2026 1:52 pm","18088746404019884","Instagram","Story","Photo","josecuervotequila"," ","https://www.instagram.com/stories/josecuervotequila/3818775529831506024","",,"158","158","","144","144","","","0%","0","","","","","","","","","0","0","","","","","","","","","","","","","","","","","","","","","","","","","","","","","9","143","3","0","","","","",""
"1/26/2026 1:17 pm","18346402075227050","Instagram","Story","Video","josecuervotequila"," ","https://www.instagram.com/stories/josecuervotequila/3818758160782439396","",,"163","163","","150","150","","","0%","0","","","","","","","","","0","0","","","","","","","","","","","","","","","","","","","","","","","","","","","","","8","152","4","0","","","","",""
"1/26/2026 1:16 pm","17930845152035803","Instagram","Story","Video","josecuervotequila"," ","https://www.instagram.com/stories/josecuervotequila/3818757568093687639","",,"185","185","","154","154","","","0%","0","","","","","","","","","0","0","","","","","","","","","","","","","","","","","","","","","","","","","","","","","24","154","4","0","","","","",""
"1/26/2026 1:15 pm","17923754202072254","Instagram","Story","Photo","josecuervotequila"," ","https://www.instagram.com/stories/josecuervotequila/3818757266540019682","",,"282","282","","213","213","","","0%","0","","","","","","","","","0","0","","","","","","","","","","","","","","","","","","","","","","","","","","","","","24","228","9","0","","","","",""
"1/26/2026 1:15 pm","18429804766118013","Instagram","Story","Video","josecuervotequila"," ","https://www.instagram.com/stories/josecuervotequila/3818757158427644026","",,"260","260","","215","215","","","0%","0","","","","","","","","","0","0","","","","","","","","","","","","","","","","","","","","","","","","","","","","","18","199","4","0","","","","",""
"1/26/2026 1:15 pm","18415727596191476","Instagram","Story","Video","josecuervotequila"," ","https://www.instagram.com/stories/josecuervotequila/3818756995361519517","",,"257","257","","214","214","","","0%","0","","","","","","","","","0","0","","","","","","","","","","","","","","","","","","","","","","","","","","","","","21","217","5","0","","","","",""
"1/26/2026 1:14 pm","17868044556456410","Instagram","Story","Video","josecuervotequila"," ","https://www.instagram.com/stories/josecuervotequila/3818756738133261096","",,"277","277","","220","220","","","0%","0","","","","","","","","","0","0","","","","","","","","","","","","","","","","","","","","","","","","","","","","","29","209","9","0","","","","",""
"1/26/2026 1:14 pm","18112198315652299","Instagram","Story","Video","josecuervotequila"," ","https://www.instagram.com/stories/josecuervotequila/3818756675554226484","",,"284","284","","223","223","","","0%","0","","","","","","","","","0","0","","","","","","","","","","","","","","","","","","","","","","","","","","","","","27","207","7","0","","","","",""
"1/26/2026 1:14 pm","17904092052348916","Instagram","Story","Video","josecuervotequila"," ","https://www.instagram.com/stories/josecuervotequila/3818756594763508189","",,"296","296","","235","235","","","0%","0","","","","","","","","","0","0","","","","","","","","","","","","","","","","","","","","","","","","","","","","","23","195","9","0","","","","",""
"1/26/2026 1:14 pm","18172012984387092","Instagram","Story","Photo","josecuervotequila"," ","https://www.instagram.com/stories/josecuervotequila/3818756494309925160","",,"304","304","","260","260","","","0.33%","1","","","","","","","","","0","1","","","","","","","","","","","","","","","","","","","","","","","","","","","","","13","241","21","0","","","","",""
"1/26/2026 12:28 am","18528319720065641","Instagram","Story","Video","josecuervotequila"," ","https://www.instagram.com/stories/josecuervotequila/3818370956486672599","",,"207","207","","169","169","","","0%","0","","","","","","","","","0","0","","","","","","","","","","","","","","","","","","","","","","","","","","","","","15","139","27","0","","","","",""
"1/26/2026 12:27 am","18084627850908977","Instagram","Story","Photo","josecuervotequila"," ","https://www.instagram.com/stories/josecuervotequila/3818370543901389507","",,"219","219","","173","173","","","0%","0","","","","","","","","","0","0","","","","","","","","","","","","","","","","","","","","","","","","","","","","","26","189","2","0","","","","",""
"1/26/2026 12:27 am","17937064221120095","Instagram","Story","Video","josecuervotequila"," ","https://www.instagram.com/stories/josecuervotequila/3818370371448367916","",,"220","220","","177","177","","","0.45%","1","","","","","","","","","1","0","","","","","","","","","","","","","","","","","","","","","","","","","","","","","17","150","4","1","","","","",""
"1/26/2026 12:26 am","17900145330365803","Instagram","Story","Video","josecuervotequila"," ","https://www.instagram.com/stories/josecuervotequila/3818370195530858328","",,"213","213","","181","181","","","0%","0","","","","","","","","","0","0","","","","","","","","","","","","","","","","","","","","","","","","","","","","","20","199","3","0","","","","",""
"1/26/2026 12:26 am","18035624042552016","Instagram","Story","Video","josecuervotequila"," ","https://www.instagram.com/stories/josecuervotequila/3818370120259895068","",,"217","217","","184","184","","","0%","0","","","","","","","","","0","0","","","","","","","","","","","","","","","","","","","","","","","","","","","","","18","160","5","0","","","","",""
"1/26/2026 12:26 am","18102312625798763","Instagram","Story","Photo","josecuervotequila"," ","https://www.instagram.com/stories/josecuervotequila/3818369868257706900","",,"214","214","","186","186","","","0%","0","","","","","","","","","0","0","","","","","","","","","","","","","","","","","","","","","","","","","","","","","13","196","3","0","","","","",""
"1/26/2026 12:26 am","17859845280596228","Instagram","Story","Photo","josecuervotequila"," ","https://www.instagram.com/stories/josecuervotequila/3818369760246009187","",,"207","207","","188","188","","","0%","0","","","","","","","","","0","0","","","","","","","","","","","","","","","","","","","","","","","","","","","","","12","188","3","0","","","","",""
"1/26/2026 12:26 am","18376765195084071","Instagram","Story","Video","josecuervotequila"," ","https://www.instagram.com/stories/josecuervotequila/3818369708144343564","",,"208","208","","191","191","","","0%","0","","","","","","","","","0","0","","","","","","","","","","","","","","","","","","","","","","","","","","","","","11","179","5","0","","","","",""
"1/26/2026 12:25 am","18073069688526884","Instagram","Story","Video","josecuervotequila"," ","https://www.instagram.com/stories/josecuervotequila/3818369490552236322","",,"214","214","","193","193","","","0%","0","","","","","","","","","0","0","","","","","","","","","","","","","","","","","","","","","","","","","","","","","8","195","6","0","","","","",""
"1/26/2026 12:25 am","18343437301224392","Instagram","Story","Photo","josecuervotequila"," ","https://www.instagram.com/stories/josecuervotequila/3818369461234072321","",,"215","215","","198","198","","","0%","0","","","","","","","","","0","0","","","","","","","","","","","","","","","","","","","","","","","","","","","","","12","199","2","0","","","","",""
"1/26/2026 12:24 am","17865689694557129","Instagram","Story","Video","josecuervotequila"," ","https://www.instagram.com/stories/josecuervotequila/3818369118265814869","",,"224","224","","200","200","","","0%","0","","","","","","","","","0","0","","","","","","","","","","","","","","","","","","","","","","","","","","","","","15","197","3","0","","","","",""
"1/26/2026 12:24 am","18111253744725774","Instagram","Story","Video","josecuervotequila"," ","https://www.instagram.com/stories/josecuervotequila/3818368966910152363","",,"235","235","","200","200","","","0%","0","","","","","","","","","0","0","","","","","","","","","","","","","","","","","","","","","","","","","","","","","11","191","6","0","","","","",""
"1/26/2026 12:23 am","18070688960449635","Instagram","Story","Photo","josecuervotequila"," ","https://www.instagram.com/stories/josecuervotequila/3818368504144204193","",,"238","238","","202","202","","","0%","0","","","","","","","","","0","0","","","","","","","","","","","","","","","","","","","","","","","","","","","","","11","211","4","0","","","","",""
"1/26/2026 12:23 am","18092038637317881","Instagram","Story","Video","josecuervotequila"," ","https://www.instagram.com/stories/josecuervotequila/3818368348795601600","",,"238","238","","210","210","","","0%","0","","","","","","","","","0","0","","","","","","","","","","","","","","","","","","","","","","","","","","","","","11","201","7","0","","","","",""
"1/26/2026 12:22 am","17947160535096331","Instagram","Story","Video","josecuervotequila"," ","https://www.instagram.com/stories/josecuervotequila/3818367954984022354","",,"249","249","","213","213","","","0.4%","1","","","","","","","","","1","0","","","","","","","","","","","","","","","","","","","","","","","","","","","","","17","219","2","1","","","","",""
"1/26/2026 12:22 am","18110274721652333","Instagram","Story","Video","josecuervotequila"," ","https://www.instagram.com/stories/josecuervotequila/3818367688855440815","",,"262","262","","220","220","","","0%","0","","","","","","","","","0","0","","","","","","","","","","","","","","","","","","","","","","","","","","","","","16","226","6","0","","","","",""
"1/26/2026 12:21 am","18088544195098575","Instagram","Story","Photo","josecuervotequila"," ","https://www.instagram.com/stories/josecuervotequila/3818367645620515198","",,"262","262","","218","218","","","0%","0","","","","","","","","","0","0","","","","","","","","","","","","","","","","","","","","","","","","","","","","","18","232","7","0","","","","",""
"1/26/2026 12:21 am","17871783237530227","Instagram","Story","Video","josecuervotequila"," ","https://www.instagram.com/stories/josecuervotequila/3818367204455274176","",,"284","284","","231","231","","","0%","0","","","","","","","","","0","0","","","","","","","","","","","","","","","","","","","","","","","","","","","","","17","216","8","0","","","","",""
"1/26/2026 12:20 am","17866918254552200","Instagram","Story","Photo","josecuervotequila"," ","https://www.instagram.com/stories/josecuervotequila/3818367029779284376","",,"286","286","","237","237","","","0%","0","","","","","","","","","0","0","","","","","","","","","","","","","","","","","","","","","","","","","","","","","20","249","6","0","","","","",""
"1/26/2026 12:20 am","18106010044813779","Instagram","Story","Video","josecuervotequila"," ","https://www.instagram.com/stories/josecuervotequila/3818366832722468487","",,"283","283","","238","238","","","0%","0","","","","","","","","","0","0","","","","","","","","","","","","","","","","","","","","","","","","","","","","","16","227","4","0","","","","",""
"1/26/2026 12:19 am","17938462047114809","Instagram","Story","Video","josecuervotequila"," ","https://www.instagram.com/stories/josecuervotequila/3818366520045500244","",,"276","276","","243","243","","","0%","0","","","","","","","","","0","0","","","","","","","","","","","","","","","","","","","","","","","","","","","","","6","259","4","0","","","","",""
"1/26/2026 12:19 am","18142619155463607","Instagram","Story","Photo","josecuervotequila"," ","https://www.instagram.com/stories/josecuervotequila/3818366247969404182","",,"278","278","","251","251","","","0%","0","","","","","","","","","0","0","","","","","","","","","","","","","","","","","","","","","","","","","","","","","15","254","6","0","","","","",""
"1/26/2026 12:18 am","18309505648271514","Instagram","Story","Video","josecuervotequila"," ","https://www.instagram.com/stories/josecuervotequila/3818366136585425795","",,"303","303","","253","253","","","0%","0","","","","","","","","","0","0","","","","","","","","","","","","","","","","","","","","","","","","","","","","","19","244","6","0","","","","",""
"1/26/2026 12:17 am","18078681176460187","Instagram","Story","Video","josecuervotequila"," ","https://www.instagram.com/stories/josecuervotequila/3818365374530764937","",,"312","312","","262","262","","","0%","0","","","","","","","","","0","0","","","","","","","","","","","","","","","","","","","","","","","","","","","","","15","251","8","0","","","","",""
"1/26/2026 12:17 am","17846806416647999","Instagram","Story","Video","josecuervotequila"," ","https://www.instagram.com/stories/josecuervotequila/3818365320650699323","",,"324","324","","273","273","","","0%","0","","","","","","","","","0","0","","","","","","","","","","","","","","","","","","","","","","","","","","","","","23","261","11","0","","","","",""
"1/26/2026 12:16 am","18108794497660101","Instagram","Story","Photo","josecuervotequila"," ","https://www.instagram.com/stories/josecuervotequila/3818365097295658012","",,"345","345","","283","283","","","0%","0","","","","","","","","","0","0","","","","","","","","","","","","","","","","","","","","","","","","","","","","","22","282","8","0","","","","",""
"1/26/2026 12:15 am","18093028222769575","Instagram","Story","Video","josecuervotequila"," ","https://www.instagram.com/stories/josecuervotequila/3818364516191588489","",,"365","365","","298","298","","","0%","0","","","","","","","","","0","0","","","","","","","","","","","","","","","","","","","","","","","","","","","","","18","301","14","0","","","","",""
"1/26/2026 12:15 am","18105102844773833","Instagram","Story","Photo","josecuervotequila"," ","https://www.instagram.com/stories/josecuervotequila/3818364264894042962","",,"376","376","","320","320","","","0%","0","","","","","","","","","0","0","","","","","","","","","","","","","","","","","","","","","","","","","","","","","12","310","14","0","","","","",""
"1/26/2026 12:14 am","18077148638058557","Instagram","Story","Photo","josecuervotequila"," ","https://www.instagram.com/stories/josecuervotequila/3818363995762333340","",,"453","453","","384","384","","","0%","0","","","","","","","","","0","0","","","","","","","","","","","","","","","","","","","","","","","","","","","","","2","308","28","0","","","","",""
"1/24/2026 7:09 pm","17849342040630304","Instagram","Story","Video","josecuervotequila"," ","https://www.instagram.com/stories/josecuervotequila/3817485871956836591","'@raulrosasjr @ufc  Raul Rosas Jr at UFC 324 with Cuervo üí™üëÄ
#CHIWIWISSSSSS",,"194","194","","433","433","","","0.52%","1","","","","","","","","","0","1","","","","","","","","","","","","","","","","","","","","","","","","","","","","","31","338","94","0","","","","",""
"1/24/2026 1:33 am","18401839102130233","Instagram","Story","Video","josecuervotequila"," ","https://www.instagram.com/stories/josecuervotequila/3816953945575572583","",,"510","510","","418","418","","","0%","0","","","","","","","","","0","0","","","","","","","","","","","","","","","","","","","","","","","","","","","","","27","275","151","0","","","","",""
"1/24/2026 1:32 am","18121060207563097","Instagram","Story","Video","josecuervotequila"," ","https://www.instagram.com/stories/josecuervotequila/3816953409501555437","",,"487","487","","433","433","","","0%","0","","","","","","","","","0","0","","","","","","","","","","","","","","","","","","","","","","","","","","","","","31","450","10","0","","","","",""
"1/24/2026 1:31 am","17863166184567416","Instagram","Story","Video","josecuervotequila"," ","https://www.instagram.com/stories/josecuervotequila/3816953357408280326","",,"502","502","","444","444","","","0%","0","","","","","","","","","0","0","","","","","","","","","","","","","","","","","","","","","","","","","","","","","38","458","12","0","","","","",""
"1/24/2026 12:37 am","18150874987440326","Instagram","Story","Photo","josecuervotequila"," ","https://www.instagram.com/stories/josecuervotequila/3816926180725884750","",,"544","544","","446","446","","","0.37%","2","","","","","","","","","2","0","","","","","","","","","","","","","","","","","","","","","","","","","","","","","24","478","15","2","","","","",""
"1/24/2026 12:37 am","18123133258553017","Instagram","Story","Video","josecuervotequila"," ","https://www.instagram.com/stories/josecuervotequila/3816926038681613249","",,"517","517","","443","443","","","0%","0","","","","","","","","","0","0","","","","","","","","","","","","","","","","","","","","","","","","","","","","","19","458","6","0","","","","",""
"1/24/2026 12:37 am","18039035375726928","Instagram","Story","Video","josecuervotequila"," ","https://www.instagram.com/stories/josecuervotequila/3816925897585247108","",,"526","526","","469","469","","","0%","0","","","","","","","","","0","0","","","","","","","","","","","","","","","","","","","","","","","","","","","","","19","464","9","0","","","","",""
"1/24/2026 12:37 am","18072873524120424","Instagram","Story","Video","josecuervotequila"," ","https://www.instagram.com/stories/josecuervotequila/3816925815066474677","",,"560","560","","475","475","","","0%","0","","","","","","","","","0","0","","","","","","","","","","","","","","","","","","","","","","","","","","","","","43","461","9","0","","","","",""
"1/24/2026 12:36 am","18095622419503351","Instagram","Story","Video","josecuervotequila"," ","https://www.instagram.com/stories/josecuervotequila/3816925527001670716","",,"611","611","","483","483","","","0.16%","1","","","","","","","","","0","1","","","","","","","","","","","","","","","","","","","","","","","","","","","","","58","470","13","0","","","","",""
"1/24/2026 12:36 am","17871790938515935","Instagram","Story","Video","josecuervotequila"," ","https://www.instagram.com/stories/josecuervotequila/3816925430247467314","",,"646","646","","492","492","","","0%","0","","","","","","","","","0","0","","","","","","","","","","","","","","","","","","","","","","","","","","","","","82","407","4","0","","","","",""
"1/24/2026 12:36 am","18116635645613593","Instagram","Story","Video","josecuervotequila"," ","https://www.instagram.com/stories/josecuervotequila/3816925361192480737","Cuervo Dream Team üòèüëè",,"624","624","","493","493","","","0.16%","1","","","","","","","","","0","1","","","","","","","","","","","","","","","","","","","","","","","","","","","","","33","419","5","0","","","","",""
"1/24/2026 12:35 am","18118911163517753","Instagram","Story","Photo","josecuervotequila"," ","https://www.instagram.com/stories/josecuervotequila/3816925049362711144","",,"606","606","","508","508","","","0%","0","","","","","","","","","0","0","","","","","","","","","","","","","","","","","","","","","","","","","","","","","30","524","12","0","","","","",""
"1/24/2026 12:35 am","18117088096581335","Instagram","Story","Video","josecuervotequila"," ","https://www.instagram.com/stories/josecuervotequila/3816924992177616234","",,"617","617","","522","522","","","0%","0","","","","","","","","","0","0","","","","","","","","","","","","","","","","","","","","","","","","","","","","","42","516","16","0","","","","",""
"1/24/2026 12:35 am","18554497114009396","Instagram","Story","Video","josecuervotequila"," ","https://www.instagram.com/stories/josecuervotequila/3816924796706240091","",,"647","647","","539","539","","","0%","0","","","","","","","","","0","0","","","","","","","","","","","","","","","","","","","","","","","","","","","","","38","532","16","0","","","","",""
"1/24/2026 12:34 am","17910524535146862","Instagram","Story","Photo","josecuervotequila"," ","https://www.instagram.com/stories/josecuervotequila/3816924217414187059","",,"670","670","","577","577","","","0.15%","1","","","","","","","","","1","0","","","","","","","","","","","","","","","","","","","","","","","","","","","","","30","555","17","1","","","","",""
"1/24/2026 12:33 am","18056820377342980","Instagram","Story","Video","josecuervotequila"," ","https://www.instagram.com/stories/josecuervotequila/3816924153341980838","",,"800","800","","692","692","","","0.13%","1","","","","","","","","","0","1","","","","","","","","","","","","","","","","","","","","","","","","","","","","","10","520","52","0","","","","",""
"1/23/2026 3:52 pm","18192874114342197","Instagram","Post","Carousel","josecuervotequila","Estefanie Marmolejo","https://www.instagram.com/p/DT3gW5GDJ0M/","There‚Äôs a tray of Cuervo cocktails‚Ä¶ who are you sharing them with??

Tag your happy hour crew below üëá",,"3,652","3,652","","1,744","1,744","","","3.34%","122","97","97","","","","","","","9","11","5","","","","","","","","","","","","","","","","","","","","","","","","","","","","","","","","","","","",""
"1/22/2026 11:25 pm","18070769078143918","Instagram","Story","Video","josecuervotequila"," ","https://www.instagram.com/stories/josecuervotequila/3816164773252184216","",,"437","437","","354","354","","","0.23%","1","","","","","","","","","1","0","","","","","","","","","","","","","","","","","","","","","","","","","","","","","35","204","138","1","","","","",""
"1/22/2026 11:25 pm","18050816999698297","Instagram","Story","Photo","josecuervotequila"," ","https://www.instagram.com/stories/josecuervotequila/3816164754495277915","",,"474","474","","360","360","","","0.42%","2","","","","","","","","","2","0","","","","","","","","","","","","","","","","","","","","","","","","","","","","","41","370","19","2","","","","",""
"1/22/2026 11:24 pm","18064905797643933","Instagram","Story","Photo","josecuervotequila"," ","https://www.instagram.com/stories/josecuervotequila/3816164636283031541","üëÄüá≤üáΩü•É",,"489","489","","381","381","","","0.2%","1","","","","","","","","","0","1","","","","","","","","","","","","","","","","","","","","","","","","","","","","","27","376","26","0","","","","",""
"1/22/2026 11:24 pm","18124469569530658","Instagram","Story","Video","josecuervotequila"," ","https://www.instagram.com/stories/josecuervotequila/3816164359148559959","",,"503","503","","417","417","","","0%","0","","","","","","","","","0","0","","","","","","","","","","","","","","","","","","","","","","","","","","","","","14","363","32","0","","","","",""
"1/22/2026 2:26 pm","17990337527873670","Instagram","Story","Photo","josecuervotequila"," ","https://www.instagram.com/stories/josecuervotequila/3815893790444422224","",,"574","574","","451","451","","","0%","0","","","","","","","","","0","0","","","","","","","","","","","","","","","","","","","","","","","","","","","","","57","355","80","0","","","","",""
"1/22/2026 2:26 pm","18552913279057545","Instagram","Story","Photo","josecuervotequila"," ","https://www.instagram.com/stories/josecuervotequila/3815893591324050671","",,"689","689","","575","575","","","0%","0","","","","","","","","","0","0","","","","","","","","","","","","","","","","","","","","","","","","","","","","","5","419","69","0","","","","",""
"1/21/2026 3:12 pm","18125071291536542","Instagram","Post","Carousel","josecuervotequila"," ","https://www.instagram.com/p/DTySNC9EY-K/","Who‚Äôs ready for another round? üëÄüî•

Shots going up, cocktails flowing, and the whole crew locked in.

Save this for your next night out!",,"2,848","2,848","","1,392","1,392","","","2%","57","54","54","","","","","","","0","3","0","","","","","","","","","","","","","","","","","","","","","","","","","","","","","","","","","","","",""
"1/21/2026 11:49 am","18064147724555423","Instagram","Story","Photo","josecuervotequila"," ","https://www.instagram.com/stories/josecuervotequila/3815089736034176056","",,"220","220","","198","198","","","0%","0","","","","","","","","","0","0","","","","","","","","","","","","","","","","","","","","","","","","","","","","","7","147","45","0","","","","",""
"1/21/2026 11:48 am","17893163415392977","Instagram","Story","Photo","josecuervotequila"," ","https://www.instagram.com/stories/josecuervotequila/3815089581012682809","",,"221","221","","205","205","","","0%","0","","","","","","","","","0","0","","","","","","","","","","","","","","","","","","","","","","","","","","","","","10","201","4","0","","","","",""
"1/21/2026 11:48 am","18091929733803611","Instagram","Story","Photo","josecuervotequila"," ","https://www.instagram.com/stories/josecuervotequila/3815089380315294127","",,"239","239","","210","210","","","0%","0","","","","","","","","","0","0","","","","","","","","","","","","","","","","","","","","","","","","","","","","","10","207","6","0","","","","",""
"1/21/2026 11:48 am","18097249016479477","Instagram","Story","Video","josecuervotequila"," ","https://www.instagram.com/stories/josecuervotequila/3815089102190975857","",,"318","318","","272","272","","","0.31%","1","","","","","","","","","0","1","","","","","","","","","","","","","","","","","","","","","","","","","","","","","2","198","28","0","","","","",""
"1/20/2026 11:57 am","18002476595845464","Instagram","Story","Video","josecuervotequila"," ","https://www.instagram.com/stories/josecuervotequila/3814369113150478295","",,"1,465","1,465","","1,095","1,095","","","0.14%","2","","","","","","","","","0","2","","","","","","","","","","","","","","","","","","","","","","","","","","","","","6","276","70","0","","","","",""
"1/20/2026 9:04 am","18100749430894072","Instagram","Story","Photo","josecuervotequila"," ","https://www.instagram.com/stories/josecuervotequila/3814282100267219440","It‚Äôs been a long week (It‚Äôs Tuesday)",,"335","335","","302","302","","","0.3%","1","","","","","","","","","1","0","","","","","","","","","","","","","","","","","","","","","","","","","","","","","14","280","20","1","","","","",""
"1/20/2026 8:39 am","18091933474792738","Instagram","Story","Photo","josecuervotequila"," ","https://www.instagram.com/stories/josecuervotequila/3814269270889474330","",,"360","360","","303","303","","","0%","0","","","","","","","","","0","0","","","","","","","","","","","","","","","","","","","","","","","","","","","","","33","308","6","0","","","","",""
"1/20/2026 8:38 am","18103844668761988","Instagram","Story","Photo","josecuervotequila"," ","https://www.instagram.com/stories/josecuervotequila/3814269183731834079","",,"545","545","","482","482","","","0.55%","3","","","","","","","","","0","3","","","","","","","","","","","","","","","","","","","","","","","","","","","","","32","315","11","0","","","","",""
"1/20/2026 8:37 am","18151887259391300","Instagram","Story","Video","josecuervotequila"," ","https://www.instagram.com/stories/josecuervotequila/3814268183633621565","",,"267","267","","246","246","","","0%","0","","","","","","","","","0","0","","","","","","","","","","","","","","","","","","","","","","","","","","","","","19","259","5","0","","","","",""
"1/20/2026 8:36 am","18089619866473680","Instagram","Story","Video","josecuervotequila"," ","https://www.instagram.com/stories/josecuervotequila/3814267931958583339","",,"275","275","","245","245","","","0%","0","","","","","","","","","0","0","","","","","","","","","","","","","","","","","","","","","","","","","","","","","26","253","7","0","","","","",""
"1/20/2026 8:36 am","18200000284328573","Instagram","Story","Video","josecuervotequila"," ","https://www.instagram.com/stories/josecuervotequila/3814267880125430140","",,"287","287","","261","261","","","0%","0","","","","","","","","","0","0","","","","","","","","","","","","","","","","","","","","","","","","","","","","","12","206","9","0","","","","",""
"1/20/2026 8:36 am","18036803282759401","Instagram","Story","Video","josecuervotequila"," ","https://www.instagram.com/stories/josecuervotequila/3814267846436777899","",,"278","278","","265","265","","","0%","0","","","","","","","","","0","0","","","","","","","","","","","","","","","","","","","","","","","","","","","","","12","268","5","0","","","","",""
"1/20/2026 8:36 am","17997401468854059","Instagram","Story","Video","josecuervotequila"," ","https://www.instagram.com/stories/josecuervotequila/3814267789754905520","",,"287","287","","269","269","","","0%","0","","","","","","","","","0","0","","","","","","","","","","","","","","","","","","","","","","","","","","","","","20","271","9","0","","","","",""
"1/20/2026 8:36 am","17896262172243718","Instagram","Story","Video","josecuervotequila"," ","https://www.instagram.com/stories/josecuervotequila/3814267750252962364","",,"320","320","","285","285","","","0%","0","","","","","","","","","0","0","","","","","","","","","","","","","","","","","","","","","","","","","","","","","34","287","6","0","","","","",""
"1/20/2026 8:36 am","18113956393719156","Instagram","Story","Video","josecuervotequila"," ","https://www.instagram.com/stories/josecuervotequila/3814267694007362002","",,"355","355","","303","303","","","0.56%","2","","","","","","","","","1","1","","","","","","","","","","","","","","","","","","","","","","","","","","","","","27","310","11","1","","","","",""
"1/20/2026 8:33 am","18201508480325624","Instagram","Story","Photo","josecuervotequila"," ","https://www.instagram.com/stories/josecuervotequila/3814266596752287719","",,"597","597","","497","497","","","0.67%","4","","","","","","","","","2","2","","","","","","","","","","","","","","","","","","","","","","","","","","","","","9","352","47","2","","","","",""
"1/19/2026 1:53 pm","18089283560047360","Instagram","Post","Carousel","josecuervotequila","Estefanie Marmolejo","https://www.instagram.com/p/DTs_lHvDs3t/","Nights like these don‚Äôt need much‚Ä¶ just Cuervo, good company, and a reason to stay a little longer üåô ü•É",,"2,923","2,923","","1,358","1,358","","","2.09%","61","57","57","","","","","","","2","0","2","","","","","","","","","","","","","","","","","","","","","","","","","","","","","","","","","","","",""
"1/17/2026 6:38 pm","17969288868005122","Instagram","Story","Photo","josecuervotequila"," ","https://www.instagram.com/stories/josecuervotequila/3812396354585447863","",,"1,062","1,062","","946","946","","","0%","0","","","","","","","","","0","0","","","","","","","","","","","","","","","","","","","","","","","","","","","","","61","764","100","0","","","","",""
"1/17/2026 6:37 pm","17843840289674704","Instagram","Story","Video","josecuervotequila"," ","https://www.instagram.com/stories/josecuervotequila/3812396205377282431","",,"1,334","1,334","","1,199","1,199","","","0%","0","","","","","","","","","0","0","","","","","","","","","","","","","","","","","","","","","","","","","","","","","8","944","83","0","","","","",""
"1/17/2026 12:00 am","18099483736857022","Instagram","Post","Photo","josecuervotequila"," ","https://www.instagram.com/p/DTmWosKjcua/","A little throwback moment never hurt anyone üì∫‚ú®

We bring our iconic Cuervo ads to our activations to celebrate our history ‚Äî timeless & unforgettable.

Share this with a tequila lover!",,"3,249","3,249","","2,141","2,141","","","1.17%","38","36","36","","","","","","","1","0","1","","","","","","","","","","","","","","","","","","","","","","","","","","","","","","","","","","","",""
"1/16/2026 7:01 pm","17892291747402017","Instagram","Story","Photo","josecuervotequila"," ","https://www.instagram.com/stories/josecuervotequila/3811683262801106404","Hopping on the trend with our 2016 Day Of The Dead limited edition üëèü§© If you still have this bottle, we need to see it! üòè DM us ASAP",,"2,048","2,048","","1,658","1,658","","","0.29%","6","","","","","","","","","2","4","","","","","","","","","","","","","","","","","","","","","","","","","","","","","16","1,065","216","2","","","","",""
"1/15/2026 3:53 pm","17940528888008521","Instagram","Post","Carousel","josecuervotequila"," ","https://www.instagram.com/p/DTi6H46jkY4/","We rang in the new year the only way we know how ü•Çüî•

Hit the link in bio to learn a new Cuervo cocktail recipe & keep the vibes going!",,"2,496","2,496","","1,048","1,048","","","2.12%","53","48","48","","","","","","","0","3","2","","","","","","","","","","","","","","","","","","","","","","","","","","","","","","","","","","","",""
"1/15/2026 9:59 am","17856475143548033","Instagram","Story","Video","josecuervotequila"," ","https://www.instagram.com/stories/josecuervotequila/3810686040517001200","obsessed ü§©üçã‚Äçüü©",,"227","227","","179","179","","","0.44%","1","","","","","","","","","1","0","","","","","","","","","","","","","","","","","","","","","","","","","","","","","22","153","31","1","","","","",""
"1/15/2026 9:56 am","17905479669341858","Instagram","Story","Photo","josecuervotequila"," ","https://www.instagram.com/stories/josecuervotequila/3810684348216018464","",,"308","308","","243","243","","","0.32%","1","","","","","","","","","0","1","","","","","","","","","","","","","","","","","","","","","","","","","","","","","4","189","11","0","","","","",""
"1/15/2026 9:51 am","18037817105731747","Instagram","Story","Photo","josecuervotequila"," ","https://www.instagram.com/stories/josecuervotequila/3810681709604524406","",,"210","210","","187","187","","","0%","0","","","","","","","","","0","0","","","","","","","","","","","","","","","","","","","","","","","","","","","","","5","188","6","0","","","","",""
"1/15/2026 9:50 am","18093498637971824","Instagram","Story","Photo","josecuervotequila"," ","https://www.instagram.com/stories/josecuervotequila/3810681438056896990","",,"227","227","","191","191","","","0%","0","","","","","","","","","0","0","","","","","","","","","","","","","","","","","","","","","","","","","","","","","7","188","12","0","","","","",""
"1/15/2026 9:50 am","18013987586814530","Instagram","Story","Photo","josecuervotequila"," ","https://www.instagram.com/stories/josecuervotequila/3810681376182526412","",,"262","262","","221","221","","","0%","0","","","","","","","","","0","0","","","","","","","","","","","","","","","","","","","","","","","","","","","","","4","182","17","0","","","","",""
"1/14/2026 8:22 pm","18112741495626997","Instagram","Story","Photo","josecuervotequila"," ","https://www.instagram.com/stories/josecuervotequila/3810274647854554278","",,"216","216","","194","194","","","0.46%","1","","","","","","","","","1","0","","","","","","","","","","","","","","","","","","","","","","","","","","","","","7","176","20","1","","","","",""
"1/14/2026 6:53 pm","18067150436404784","Instagram","Story","Photo","josecuervotequila"," ","https://www.instagram.com/stories/josecuervotequila/3810229745104146755","",,"244","244","","205","205","","","0%","0","","","","","","","","","0","0","","","","","","","","","","","","","","","","","","","","","","","","","","","","","15","204","7","0","","","","",""
"1/14/2026 6:47 pm","17898817806367382","Instagram","Story","Photo","josecuervotequila"," ","https://www.instagram.com/stories/josecuervotequila/3810226648768303755","",,"252","252","","213","213","","","0%","0","","","","","","","","","0","0","","","","","","","","","","","","","","","","","","","","","","","","","","","","","16","215","8","0","","","","",""
"1/14/2026 6:47 pm","18177446677374919","Instagram","Story","Photo","josecuervotequila"," ","https://www.instagram.com/stories/josecuervotequila/3810226572398414337","",,"276","276","","223","223","","","0%","0","","","","","","","","","0","0","","","","","","","","","","","","","","","","","","","","","","","","","","","","","28","219","15","0","","","","",""
"1/14/2026 5:50 pm","18250329109294456","Instagram","Story","Video","josecuervotequila"," ","https://www.instagram.com/stories/josecuervotequila/3810198261240642749","",,"319","319","","245","245","","","0%","0","","","","","","","","","0","0","","","","","","","","","","","","","","","","","","","","","","","","","","","","","24","216","20","0","","","","",""
"1/14/2026 5:46 pm","17931812154154036","Instagram","Story","Photo","josecuervotequila"," ","https://www.instagram.com/stories/josecuervotequila/3810196218916613919","",,"376","376","","312","312","","","0%","0","","","","","","","","","0","0","","","","","","","","","","","","","","","","","","","","","","","","","","","","","6","226","29","0","","","","",""
"1/13/2026 6:27 pm","17959535682019949","Instagram","Story","Video","josecuervotequila"," ","https://www.instagram.com/stories/josecuervotequila/3809492018603724655","",,"483","483","","398","398","","","0.41%","2","","","","","","","","","1","1","","","","","","","","","","","","","","","","","","","","","","","","","","","","","2","265","68","1","","","","",""
"1/12/2026 5:43 pm","18067921361179103","Instagram","Story","Video","josecuervotequila"," ","https://www.instagram.com/stories/josecuervotequila/3808745034720702754","",,"571","571","","503","503","","","0.18%","1","","","","","","","","","0","1","","","","","","","","","","","","","","","","","","","","","","","","","","","","","15","342","120","0","","","","",""
"1/12/2026 1:50 pm","18087478661088441","Instagram","Story","Photo","josecuervotequila"," ","https://www.instagram.com/stories/josecuervotequila/3808627619114474131","",,"862","862","","731","731","","","0.23%","2","","","","","","","","","0","2","","","","","","","","","","","","","","","","","","","","","","","","","","","","","10","520","82","0","","","","",""
"1/9/2026 3:46 pm","18087600542102850","Instagram","Post","Carousel","josecuervotequila","Estefanie Marmolejo","https://www.instagram.com/p/DTTcjDZD1ha/","Good music, great friends, and even better tequila üçπüî• Cuervo brought the party to Akamba! Every sip, every beat, every moment was unforgettable!!

Do you want to join us this year? üëÄ",,"6,015","6,015","","2,988","2,988","","","1.08%","65","59","59","","","","","","","3","0","3","","","","","","","","","","","","","","","","","","","","","","","","","","","","","","","","","","","",""
"1/7/2026 4:57 pm","18500125201079193","Instagram","Story","Photo","josecuervotequila"," ","https://www.instagram.com/stories/josecuervotequila/3805097855145712146","‚ù§Ô∏èüçã‚Äçüü©",,"1,067","1,067","","866","866","","","0.56%","6","","","","","","","","","2","4","","","","","","","","","","","","","","","","","","","","","","","","","","","","","8","609","138","2","","","","",""
"1/7/2026 1:10 pm","18077830346208733","Instagram","Post","Carousel","josecuervotequila","Estefanie Marmolejo","https://www.instagram.com/p/DTOBGq4j7_i/","Four tequilas. Endless ways to raise your glass. Which Cuervo are you reaching for?

Blanco, Reposado, Anejo, or Cristalino ü•Éüëá",,"4,212","4,212","","2,210","2,210","","","3.02%","127","103","103","","","","","","","7","16","1","","","","","","","","","","","","","","","","","","","","","","","","","","","","","","","","","","","",""
"1/5/2026 1:05 pm","18078915107215723","Instagram","Post","Carousel","josecuervotequila"," ","https://www.instagram.com/p/DTI29LUDAwz/","New year, new season‚Ä¶ same legendary Cuervo fun üòé‚ú®

Tag the friend you‚Äôre bringing to the next event!",,"4,729","4,729","","2,161","2,161","","","1.42%","67","58","58","","","","","","","6","1","2","","","","","","","","","","","","","","","","","","","","","","","","","","","","","","","","","","","",""
"1/5/2026 12:24 pm","18416576209190695","Instagram","Story","Video","josecuervotequila"," ","https://www.instagram.com/stories/josecuervotequila/3803510927543676962","",,"473","473","","413","413","","","0.42%","2","","","","","","","","","1","1","","","","","","","","","","","","","","","","","","","","","","","","","","","","","18","244","88","1","","","","",""
"1/5/2026 12:23 pm","18037189295740388","Instagram","Story","Video","josecuervotequila"," ","https://www.instagram.com/stories/josecuervotequila/3803510427238725988","",,"500","500","","440","440","","","0%","0","","","","","","","","","0","0","","","","","","","","","","","","","","","","","","","","","","","","","","","","","4","333","69","0","","","","",""
